This is XeTeX, Version 3.141592653-2.6-0.999996 (TeX Live 2024) (preloaded format=xelatex 2024.7.25)  26 MAR 2026 18:56
entering extended mode
 restricted \write18 enabled.
 %&-line parsing enabled.
**psych-methods.tex
(./psych-methods.tex
LaTeX2e <2024-06-01> patch level 2
L3 programming layer <2024-05-27>
(./krantz.cls
Document Class: krantz 2005/09/16 v1.4f Standard LaTeX document class
(/Users/celestepilegard/Library/TinyTeX/texmf-dist/tex/latex/base/bk10.clo
File: bk10.clo 2024/02/08 v1.4n Standard LaTeX file (size option)
)
\trimheight=\dimen141
\trimwidth=\dimen142
\normaltextheight=\dimen143
\tempa=\dimen144
\tempdimen=\dimen145
\htrim=\dimen146
\vtrimtop=\dimen147
\vtrimbot=\dimen148
\ul@box=\box52
\ur@box=\box53
\ll@box=\box54
\lr@box=\box55
\@cipboxa=\box56
\@cipboxb=\box57
\@ciprulewidth=\dimen149
\c@part=\count190
\c@chapter=\count191
\c@section=\count192
\c@subsection=\count193
\c@subsubsection=\count194
\c@paragraph=\count195
\c@subparagraph=\count196
\secwd=\dimen150
\subsecwd=\dimen151
\subsubsecwd=\dimen152
\c@figure=\count197
\c@table=\count198
\abovecaptionskip=\skip49
\belowcaptionskip=\skip50
\c@numauthors=\count199
\section@toc@skip=\skip51
\SectionTOCWidth=\skip52
\subsection@toc@skip=\skip53
\SubSectionTOCWidth=\skip54
\subsubsection@toc@skip=\skip55
\SubSubSectionTOCWidth=\skip56
\paragraph@toc@skip=\skip57
\ParagraphTOCWidth=\skip58
\subparagraph@toc@skip=\skip59
\@AUonebox=\box58
\@AUtwobox=\box59
\@AUthreebox=\box60
\@AUfourbox=\box61
\@AUaffonebox=\box62
\@AUafftwobox=\box63
\@AUaffthreebox=\box64
\@AUafffourbox=\box65
\@finalAUboxfromone=\box66
\@finalAUboxfromtwo=\box67
\@finalAUboxfromthree=\box68
\@finalAUboxfromfour=\box69
\c@chaptocdepth=\count266
\bibindent=\dimen153
\tempbox=\box70
\nomenwidth=\dimen154
\@tablebox=\box71
\@tabletitlebox=\box72
\@tablewidth=\dimen155
\@tabletitlewidth=\dimen156
\max@tablewidth=\dimen157
\tempbox=\box73
\tempdimen=\dimen158
\tempbox=\box74
\notewidth=\dimen159
\wherebox=\box75
\wherewidth=\dimen160
\listtextleftmargin=\skip60
\listtextleftmarginii=\skip61
\listtextleftmarginiii=\skip62
\listtextrightmargin=\skip63
\listlabelleftskip=\skip64
\listlabelleftskipii=\skip65
\listlabelleftskipiii=\skip66
\abovelistskipi=\skip67
\belowlistskipi=\skip68
\abovelistskipii=\skip69
\belowlistskipii=\skip70
\abovelistskipiii=\skip71
\belowlistskipiii=\skip72
\labelsepi=\skip73
\labelsepii=\skip74
\labelsepiii=\skip75
\itemsepi=\skip76
\itemsepii=\skip77
\itemsepiii=\skip78
\enumdimwd=\dimen161
\enumdim=\dimen162
\concolwidth=\dimen163
\stempbox=\box76
) (/Users/celestepilegard/Library/TinyTeX/texmf-dist/tex/latex/xcolor/xcolor.sty
Package: xcolor 2023/11/15 v3.01 LaTeX color extensions (UK)
(/Users/celestepilegard/Library/TinyTeX/texmf-dist/tex/latex/graphics-cfg/color.cfg
File: color.cfg 2016/01/02 v1.6 sample color configuration
)
Package xcolor Info: Driver file: xetex.def on input line 274.
(/Users/celestepilegard/Library/TinyTeX/texmf-dist/tex/latex/graphics-def/xetex.def
File: xetex.def 2022/09/22 v5.0n Graphics/color driver for xetex
) (/Users/celestepilegard/Library/TinyTeX/texmf-dist/tex/latex/graphics/mathcolor.ltx)
Package xcolor Info: Model `cmy' substituted by `cmy0' on input line 1350.
Package xcolor Info: Model `RGB' extended on input line 1366.
Package xcolor Info: Model `HTML' substituted by `rgb' on input line 1368.
Package xcolor Info: Model `Hsb' substituted by `hsb' on input line 1369.
Package xcolor Info: Model `tHsb' substituted by `hsb' on input line 1370.
Package xcolor Info: Model `HSB' substituted by `hsb' on input line 1371.
Package xcolor Info: Model `Gray' substituted by `gray' on input line 1372.
Package xcolor Info: Model `wave' substituted by `hsb' on input line 1373.
) (/Users/celestepilegard/Library/TinyTeX/texmf-dist/tex/latex/amsmath/amsmath.sty
Package: amsmath 2024/05/23 v2.17q AMS math features
\@mathmargin=\skip79
For additional information on amsmath, use the `?' option.
(/Users/celestepilegard/Library/TinyTeX/texmf-dist/tex/latex/amsmath/amstext.sty
Package: amstext 2021/08/26 v2.01 AMS text
(/Users/celestepilegard/Library/TinyTeX/texmf-dist/tex/latex/amsmath/amsgen.sty
File: amsgen.sty 1999/11/30 v2.0 generic functions
\@emptytoks=\toks17
\ex@=\dimen164
)) (/Users/celestepilegard/Library/TinyTeX/texmf-dist/tex/latex/amsmath/amsbsy.sty
Package: amsbsy 1999/11/29 v1.2d Bold Symbols
\pmbraise@=\dimen165
) (/Users/celestepilegard/Library/TinyTeX/texmf-dist/tex/latex/amsmath/amsopn.sty
Package: amsopn 2022/04/08 v2.04 operator names
)
\inf@bad=\count267
LaTeX Info: Redefining \frac on input line 233.
\uproot@=\count268
\leftroot@=\count269
LaTeX Info: Redefining \overline on input line 398.
LaTeX Info: Redefining \colon on input line 409.
\classnum@=\count270
\DOTSCASE@=\count271
LaTeX Info: Redefining \ldots on input line 495.
LaTeX Info: Redefining \dots on input line 498.
LaTeX Info: Redefining \cdots on input line 619.
\Mathstrutbox@=\box77
\strutbox@=\box78
LaTeX Info: Redefining \big on input line 721.
LaTeX Info: Redefining \Big on input line 722.
LaTeX Info: Redefining \bigg on input line 723.
LaTeX Info: Redefining \Bigg on input line 724.
\big@size=\dimen166
LaTeX Font Info:    Redeclaring font encoding OML on input line 742.
LaTeX Font Info:    Redeclaring font encoding OMS on input line 743.
\macc@depth=\count272
LaTeX Info: Redefining \bmod on input line 904.
LaTeX Info: Redefining \pmod on input line 909.
LaTeX Info: Redefining \smash on input line 939.
LaTeX Info: Redefining \relbar on input line 969.
LaTeX Info: Redefining \Relbar on input line 970.
\c@MaxMatrixCols=\count273
\dotsspace@=\muskip17
\c@parentequation=\count274
\dspbrk@lvl=\count275
\tag@help=\toks18
\row@=\count276
\column@=\count277
\maxfields@=\count278
\andhelp@=\toks19
\eqnshift@=\dimen167
\alignsep@=\dimen168
\tagshift@=\dimen169
\tagwidth@=\dimen170
\totwidth@=\dimen171
\lineht@=\dimen172
\@envbody=\toks20
\multlinegap=\skip80
\multlinetaggap=\skip81
\mathdisplay@stack=\toks21
LaTeX Info: Redefining \[ on input line 2953.
LaTeX Info: Redefining \] on input line 2954.
) (/Users/celestepilegard/Library/TinyTeX/texmf-dist/tex/latex/amsfonts/amssymb.sty
Package: amssymb 2013/01/14 v3.01 AMS font symbols
(/Users/celestepilegard/Library/TinyTeX/texmf-dist/tex/latex/amsfonts/amsfonts.sty
Package: amsfonts 2013/01/14 v3.01 Basic AMSFonts support
\symAMSa=\mathgroup4
\symAMSb=\mathgroup5
LaTeX Font Info:    Redeclaring math symbol \hbar on input line 98.
LaTeX Font Info:    Overwriting math alphabet `\mathfrak' in version `bold'
(Font)                  U/euf/m/n --> U/euf/b/n on input line 106.
)) (/Users/celestepilegard/Library/TinyTeX/texmf-dist/tex/generic/iftex/iftex.sty
Package: iftex 2022/02/03 v1.0f TeX engine tests
) (/Users/celestepilegard/Library/TinyTeX/texmf-dist/tex/latex/unicode-math/unicode-math.sty (/Users/celestepilegard/Library/TinyTeX/texmf-dist/tex/latex/l3kernel/expl3.sty
Package: expl3 2024-05-27 L3 programming layer (loader) 
(/Users/celestepilegard/Library/TinyTeX/texmf-dist/tex/latex/l3backend/l3backend-xetex.def
File: l3backend-xetex.def 2024-05-08 L3 backend support: XeTeX
\g__graphics_track_int=\count279
\l__pdf_internal_box=\box79
\g__pdf_backend_annotation_int=\count280
\g__pdf_backend_link_int=\count281
))
Package: unicode-math 2023/08/13 v0.8r Unicode maths in XeLaTeX and LuaLaTeX
(/Users/celestepilegard/Library/TinyTeX/texmf-dist/tex/latex/unicode-math/unicode-math-xetex.sty
Package: unicode-math-xetex 2023/08/13 v0.8r Unicode maths in XeLaTeX and LuaLaTeX
(/Users/celestepilegard/Library/TinyTeX/texmf-dist/tex/latex/l3packages/xparse/xparse.sty
Package: xparse 2024-05-08 L3 Experimental document command parser
) (/Users/celestepilegard/Library/TinyTeX/texmf-dist/tex/latex/l3packages/l3keys2e/l3keys2e.sty
Package: l3keys2e 2024-05-08 LaTeX2e option processing using LaTeX3 keys
) (/Users/celestepilegard/Library/TinyTeX/texmf-dist/tex/latex/fontspec/fontspec.sty
Package: fontspec 2024/05/11 v2.9e Font selection for XeLaTeX and LuaLaTeX
(/Users/celestepilegard/Library/TinyTeX/texmf-dist/tex/latex/fontspec/fontspec-xetex.sty
Package: fontspec-xetex 2024/05/11 v2.9e Font selection for XeLaTeX and LuaLaTeX
\l__fontspec_script_int=\count282
\l__fontspec_language_int=\count283
\l__fontspec_strnum_int=\count284
\l__fontspec_tmp_int=\count285
\l__fontspec_tmpa_int=\count286
\l__fontspec_tmpb_int=\count287
\l__fontspec_tmpc_int=\count288
\l__fontspec_em_int=\count289
\l__fontspec_emdef_int=\count290
\l__fontspec_strong_int=\count291
\l__fontspec_strongdef_int=\count292
\l__fontspec_tmpa_dim=\dimen173
\l__fontspec_tmpb_dim=\dimen174
\l__fontspec_tmpc_dim=\dimen175
(/Users/celestepilegard/Library/TinyTeX/texmf-dist/tex/latex/base/fontenc.sty
Package: fontenc 2021/04/29 v2.0v Standard LaTeX package
) (/Users/celestepilegard/Library/TinyTeX/texmf-dist/tex/latex/fontspec/fontspec.cfg))) (/Users/celestepilegard/Library/TinyTeX/texmf-dist/tex/latex/base/fix-cm.sty
Package: fix-cm 2020/11/24 v1.1t fixes to LaTeX
(/Users/celestepilegard/Library/TinyTeX/texmf-dist/tex/latex/base/ts1enc.def
File: ts1enc.def 2001/06/05 v3.0e (jk/car/fm) Standard LaTeX file
LaTeX Font Info:    Redeclaring font encoding TS1 on input line 47.
))
\g__um_fam_int=\count293
\g__um_fonts_used_int=\count294
\l__um_primecount_int=\count295
\g__um_primekern_muskip=\muskip18
(/Users/celestepilegard/Library/TinyTeX/texmf-dist/tex/latex/unicode-math/unicode-math-table.tex))) (/Users/celestepilegard/Library/TinyTeX/texmf-dist/tex/latex/lm/lmodern.sty
Package: lmodern 2015/05/01 v1.6.1 Latin Modern Fonts
LaTeX Font Info:    Overwriting symbol font `operators' in version `normal'
(Font)                  OT1/cmr/m/n --> OT1/lmr/m/n on input line 22.
LaTeX Font Info:    Overwriting symbol font `letters' in version `normal'
(Font)                  OML/cmm/m/it --> OML/lmm/m/it on input line 23.
LaTeX Font Info:    Overwriting symbol font `symbols' in version `normal'
(Font)                  OMS/cmsy/m/n --> OMS/lmsy/m/n on input line 24.
LaTeX Font Info:    Overwriting symbol font `largesymbols' in version `normal'
(Font)                  OMX/cmex/m/n --> OMX/lmex/m/n on input line 25.
LaTeX Font Info:    Overwriting symbol font `operators' in version `bold'
(Font)                  OT1/cmr/bx/n --> OT1/lmr/bx/n on input line 26.
LaTeX Font Info:    Overwriting symbol font `letters' in version `bold'
(Font)                  OML/cmm/b/it --> OML/lmm/b/it on input line 27.
LaTeX Font Info:    Overwriting symbol font `symbols' in version `bold'
(Font)                  OMS/cmsy/b/n --> OMS/lmsy/b/n on input line 28.
LaTeX Font Info:    Overwriting symbol font `largesymbols' in version `bold'
(Font)                  OMX/cmex/m/n --> OMX/lmex/m/n on input line 29.
LaTeX Font Info:    Overwriting math alphabet `\mathbf' in version `normal'
(Font)                  OT1/cmr/bx/n --> OT1/lmr/bx/n on input line 31.
LaTeX Font Info:    Overwriting math alphabet `\mathsf' in version `normal'
(Font)                  OT1/cmss/m/n --> OT1/lmss/m/n on input line 32.
LaTeX Font Info:    Overwriting math alphabet `\mathit' in version `normal'
(Font)                  OT1/cmr/m/it --> OT1/lmr/m/it on input line 33.
LaTeX Font Info:    Overwriting math alphabet `\mathtt' in version `normal'
(Font)                  OT1/cmtt/m/n --> OT1/lmtt/m/n on input line 34.
LaTeX Font Info:    Overwriting math alphabet `\mathbf' in version `bold'
(Font)                  OT1/cmr/bx/n --> OT1/lmr/bx/n on input line 35.
LaTeX Font Info:    Overwriting math alphabet `\mathsf' in version `bold'
(Font)                  OT1/cmss/bx/n --> OT1/lmss/bx/n on input line 36.
LaTeX Font Info:    Overwriting math alphabet `\mathit' in version `bold'
(Font)                  OT1/cmr/bx/it --> OT1/lmr/bx/it on input line 37.
LaTeX Font Info:    Overwriting math alphabet `\mathtt' in version `bold'
(Font)                  OT1/cmtt/m/n --> OT1/lmtt/m/n on input line 38.
) (/Users/celestepilegard/Library/TinyTeX/texmf-dist/tex/latex/tools/longtable.sty
Package: longtable 2024-04-26 v4.20 Multi-page Table package (DPC)
\LTleft=\skip82
\LTright=\skip83
\LTpre=\skip84
\LTpost=\skip85
\LTchunksize=\count296
\LTcapwidth=\dimen176
\LT@head=\box80
\LT@firsthead=\box81
\LT@foot=\box82
\LT@lastfoot=\box83
\LT@gbox=\box84
\LT@cols=\count297
\LT@rows=\count298
\c@LT@tables=\count299
\c@LT@chunks=\count300
\LT@p@ftn=\toks22
) (/Users/celestepilegard/Library/TinyTeX/texmf-dist/tex/latex/booktabs/booktabs.sty
Package: booktabs 2020/01/12 v1.61803398 Publication quality tables
\heavyrulewidth=\dimen177
\lightrulewidth=\dimen178
\cmidrulewidth=\dimen179
\belowrulesep=\dimen180
\belowbottomsep=\dimen181
\aboverulesep=\dimen182
\abovetopsep=\dimen183
\cmidrulesep=\dimen184
\cmidrulekern=\dimen185
\defaultaddspace=\dimen186
\@cmidla=\count301
\@cmidlb=\count302
\@aboverulesep=\dimen187
\@belowrulesep=\dimen188
\@thisruleclass=\count303
\@lastruleclass=\count304
\@thisrulewidth=\dimen189
) (/Users/celestepilegard/Library/TinyTeX/texmf-dist/tex/latex/tools/array.sty
Package: array 2024/06/14 v2.6d Tabular extension package (FMi)
\col@sep=\dimen190
\ar@mcellbox=\box85
\extrarowheight=\dimen191
\NC@list=\toks23
\extratabsurround=\skip86
\backup@length=\skip87
\ar@cellbox=\box86
) (/Users/celestepilegard/Library/TinyTeX/texmf-dist/tex/latex/tools/calc.sty
Package: calc 2023/07/08 v4.3 Infix arithmetic (KKT,FJ)
\calc@Acount=\count305
\calc@Bcount=\count306
\calc@Adimen=\dimen192
\calc@Bdimen=\dimen193
\calc@Askip=\skip88
\calc@Bskip=\skip89
LaTeX Info: Redefining \setlength on input line 80.
LaTeX Info: Redefining \addtolength on input line 81.
\calc@Ccount=\count307
\calc@Cskip=\skip90
) (/Users/celestepilegard/Library/TinyTeX/texmf-dist/tex/latex/etoolbox/etoolbox.sty
Package: etoolbox 2020/10/05 v2.5k e-TeX tools for LaTeX (JAW)
\etb@tempcnta=\count308
) (/Users/celestepilegard/Library/TinyTeX/texmf-dist/tex/latex/mdwtools/footnote.sty
Package: footnote 1997/01/28 1.13 Save footnotes around boxes
\fn@notes=\box87
\fn@width=\dimen194
) (/Users/celestepilegard/Library/TinyTeX/texmf-dist/tex/latex/graphics/graphicx.sty
Package: graphicx 2021/09/16 v1.2d Enhanced LaTeX Graphics (DPC,SPQR)
(/Users/celestepilegard/Library/TinyTeX/texmf-dist/tex/latex/graphics/keyval.sty
Package: keyval 2022/05/29 v1.15 key=value parser (DPC)
\KV@toks@=\toks24
) (/Users/celestepilegard/Library/TinyTeX/texmf-dist/tex/latex/graphics/graphics.sty
Package: graphics 2024/05/23 v1.4g Standard LaTeX Graphics (DPC,SPQR)
(/Users/celestepilegard/Library/TinyTeX/texmf-dist/tex/latex/graphics/trig.sty
Package: trig 2023/12/02 v1.11 sin cos tan (DPC)
) (/Users/celestepilegard/Library/TinyTeX/texmf-dist/tex/latex/graphics-cfg/graphics.cfg
File: graphics.cfg 2016/06/04 v1.11 sample graphics configuration
)
Package graphics Info: Driver file: xetex.def on input line 106.
)
\Gin@req@height=\dimen195
\Gin@req@width=\dimen196
)
\pandoc@box=\box88
\cslhangindent=\skip91
\csllabelwidth=\skip92
(/Users/celestepilegard/Library/TinyTeX/texmf-dist/tex/latex/bookmark/bookmark.sty
Package: bookmark 2023-12-10 v1.31 PDF bookmarks (HO)
(/Users/celestepilegard/Library/TinyTeX/texmf-dist/tex/latex/hyperref/hyperref.sty
Package: hyperref 2024-07-10 v7.01j Hypertext links for LaTeX
(/Users/celestepilegard/Library/TinyTeX/texmf-dist/tex/latex/kvsetkeys/kvsetkeys.sty
Package: kvsetkeys 2022-10-05 v1.19 Key value parser (HO)
) (/Users/celestepilegard/Library/TinyTeX/texmf-dist/tex/generic/kvdefinekeys/kvdefinekeys.sty
Package: kvdefinekeys 2019-12-19 v1.6 Define keys (HO)
) (/Users/celestepilegard/Library/TinyTeX/texmf-dist/tex/generic/pdfescape/pdfescape.sty
Package: pdfescape 2019/12/09 v1.15 Implements pdfTeX's escape features (HO)
(/Users/celestepilegard/Library/TinyTeX/texmf-dist/tex/generic/ltxcmds/ltxcmds.sty
Package: ltxcmds 2023-12-04 v1.26 LaTeX kernel commands for general use (HO)
) (/Users/celestepilegard/Library/TinyTeX/texmf-dist/tex/generic/pdftexcmds/pdftexcmds.sty
Package: pdftexcmds 2020-06-27 v0.33 Utility functions of pdfTeX for LuaTeX (HO)
(/Users/celestepilegard/Library/TinyTeX/texmf-dist/tex/generic/infwarerr/infwarerr.sty
Package: infwarerr 2019/12/03 v1.5 Providing info/warning/error messages (HO)
)
Package pdftexcmds Info: \pdf@primitive is available.
Package pdftexcmds Info: \pdf@ifprimitive is available.
Package pdftexcmds Info: \pdfdraftmode not found.
)) (/Users/celestepilegard/Library/TinyTeX/texmf-dist/tex/latex/hycolor/hycolor.sty
Package: hycolor 2020-01-27 v1.10 Color options for hyperref/bookmark (HO)
) (/Users/celestepilegard/Library/TinyTeX/texmf-dist/tex/latex/hyperref/nameref.sty
Package: nameref 2023-11-26 v2.56 Cross-referencing by name of section
(/Users/celestepilegard/Library/TinyTeX/texmf-dist/tex/latex/refcount/refcount.sty
Package: refcount 2019/12/15 v3.6 Data extraction from label references (HO)
) (/Users/celestepilegard/Library/TinyTeX/texmf-dist/tex/generic/gettitlestring/gettitlestring.sty
Package: gettitlestring 2019/12/15 v1.6 Cleanup title references (HO)
(/Users/celestepilegard/Library/TinyTeX/texmf-dist/tex/latex/kvoptions/kvoptions.sty
Package: kvoptions 2022-06-15 v3.15 Key value format for package options (HO)
))
\c@section@level=\count309
) (/Users/celestepilegard/Library/TinyTeX/texmf-dist/tex/generic/stringenc/stringenc.sty
Package: stringenc 2019/11/29 v1.12 Convert strings between diff. encodings (HO)
)
\@linkdim=\dimen197
\Hy@linkcounter=\count310
\Hy@pagecounter=\count311
(/Users/celestepilegard/Library/TinyTeX/texmf-dist/tex/latex/hyperref/pd1enc.def
File: pd1enc.def 2024-07-10 v7.01j Hyperref: PDFDocEncoding definition (HO)
) (/Users/celestepilegard/Library/TinyTeX/texmf-dist/tex/generic/intcalc/intcalc.sty
Package: intcalc 2019/12/15 v1.3 Expandable calculations with integers (HO)
)
\Hy@SavedSpaceFactor=\count312
(/Users/celestepilegard/Library/TinyTeX/texmf-dist/tex/latex/hyperref/puenc.def
File: puenc.def 2024-07-10 v7.01j Hyperref: PDF Unicode definition (HO)
)
Package hyperref Info: Option `unicode' set `true' on input line 4040.
Package hyperref Info: Hyper figures OFF on input line 4157.
Package hyperref Info: Link nesting OFF on input line 4162.
Package hyperref Info: Hyper index ON on input line 4165.
Package hyperref Info: Plain pages OFF on input line 4172.
Package hyperref Info: Backreferencing OFF on input line 4177.
Package hyperref Info: Implicit mode ON; LaTeX internals redefined.
Package hyperref Info: Bookmarks ON on input line 4424.
\c@Hy@tempcnt=\count313
(/Users/celestepilegard/Library/TinyTeX/texmf-dist/tex/latex/url/url.sty
\Urlmuskip=\muskip19
Package: url 2013/09/16  ver 3.4  Verb mode for urls, etc.
)
LaTeX Info: Redefining \url on input line 4763.
\XeTeXLinkMargin=\dimen198
(/Users/celestepilegard/Library/TinyTeX/texmf-dist/tex/generic/bitset/bitset.sty
Package: bitset 2019/12/09 v1.3 Handle bit-vector datatype (HO)
(/Users/celestepilegard/Library/TinyTeX/texmf-dist/tex/generic/bigintcalc/bigintcalc.sty
Package: bigintcalc 2019/12/15 v1.5 Expandable calculations on big integers (HO)
))
\Fld@menulength=\count314
\Field@Width=\dimen199
\Fld@charsize=\dimen256
Package hyperref Info: Hyper figures OFF on input line 6042.
Package hyperref Info: Link nesting OFF on input line 6047.
Package hyperref Info: Hyper index ON on input line 6050.
Package hyperref Info: backreferencing OFF on input line 6057.
Package hyperref Info: Link coloring OFF on input line 6062.
Package hyperref Info: Link coloring with OCG OFF on input line 6067.
Package hyperref Info: PDF/A mode OFF on input line 6072.
(/Users/celestepilegard/Library/TinyTeX/texmf-dist/tex/latex/base/atbegshi-ltx.sty
Package: atbegshi-ltx 2021/01/10 v1.0c Emulation of the original atbegshi
package with kernel methods
)
\Hy@abspage=\count315
\c@Item=\count316
\c@Hfootnote=\count317
)
Package hyperref Info: Driver (autodetected): hxetex.
(/Users/celestepilegard/Library/TinyTeX/texmf-dist/tex/latex/hyperref/hxetex.def
File: hxetex.def 2024-07-10 v7.01j Hyperref driver for XeTeX
\pdfm@box=\box89
\c@Hy@AnnotLevel=\count318
\HyField@AnnotCount=\count319
\Fld@listcount=\count320
\c@bookmark@seq@number=\count321
(/Users/celestepilegard/Library/TinyTeX/texmf-dist/tex/latex/rerunfilecheck/rerunfilecheck.sty
Package: rerunfilecheck 2022-07-10 v1.10 Rerun checks for auxiliary files (HO)
(/Users/celestepilegard/Library/TinyTeX/texmf-dist/tex/latex/base/atveryend-ltx.sty
Package: atveryend-ltx 2020/08/19 v1.0a Emulation of the original atveryend package
with kernel methods
) (/Users/celestepilegard/Library/TinyTeX/texmf-dist/tex/generic/uniquecounter/uniquecounter.sty
Package: uniquecounter 2019/12/15 v1.4 Provide unlimited unique counter (HO)
)
Package uniquecounter Info: New unique counter `rerunfilecheck' on input line 285.
)
\Hy@SectionHShift=\skip93
) (/Users/celestepilegard/Library/TinyTeX/texmf-dist/tex/latex/bookmark/bkm-dvipdfm.def
File: bkm-dvipdfm.def 2023-12-10 v1.31 bookmark driver for dvipdfm (HO)
\BKM@id=\count322
)) (./psych-methods.aux

LaTeX Warning: Label `fig:scientificmethod' multiply defined.

)
\openout1 = `psych-methods.aux'.

LaTeX Font Info:    Checking defaults for OML/cmm/m/it on input line 113.
LaTeX Font Info:    ... okay on input line 113.
LaTeX Font Info:    Checking defaults for OMS/cmsy/m/n on input line 113.
LaTeX Font Info:    ... okay on input line 113.
LaTeX Font Info:    Checking defaults for OT1/cmr/m/n on input line 113.
LaTeX Font Info:    ... okay on input line 113.
LaTeX Font Info:    Checking defaults for T1/cmr/m/n on input line 113.
LaTeX Font Info:    ... okay on input line 113.
LaTeX Font Info:    Checking defaults for TS1/cmr/m/n on input line 113.
LaTeX Font Info:    ... okay on input line 113.
LaTeX Font Info:    Checking defaults for TU/lmr/m/n on input line 113.
LaTeX Font Info:    ... okay on input line 113.
LaTeX Font Info:    Checking defaults for OMX/cmex/m/n on input line 113.
LaTeX Font Info:    ... okay on input line 113.
LaTeX Font Info:    Checking defaults for U/cmr/m/n on input line 113.
LaTeX Font Info:    ... okay on input line 113.
LaTeX Font Info:    Checking defaults for PD1/pdf/m/n on input line 113.
LaTeX Font Info:    ... okay on input line 113.
LaTeX Font Info:    Checking defaults for PU/pdf/m/n on input line 113.
LaTeX Font Info:    ... okay on input line 113.
LaTeX Font Info:    Overwriting math alphabet `\mathrm' in version `normal'
(Font)                  OT1/lmr/m/n --> TU/lmr/m/n on input line 113.
LaTeX Font Info:    Overwriting math alphabet `\mathit' in version `normal'
(Font)                  OT1/lmr/m/it --> TU/lmr/m/it on input line 113.
LaTeX Font Info:    Overwriting math alphabet `\mathbf' in version `normal'
(Font)                  OT1/lmr/bx/n --> TU/lmr/bx/n on input line 113.
LaTeX Font Info:    Overwriting math alphabet `\mathsf' in version `normal'
(Font)                  OT1/lmss/m/n --> TU/lmss/m/n on input line 113.
LaTeX Font Info:    Overwriting math alphabet `\mathsf' in version `bold'
(Font)                  OT1/lmss/bx/n --> TU/lmss/bx/n on input line 113.
LaTeX Font Info:    Overwriting math alphabet `\mathtt' in version `normal'
(Font)                  OT1/lmtt/m/n --> TU/lmtt/m/n on input line 113.
LaTeX Font Info:    Overwriting math alphabet `\mathtt' in version `bold'
(Font)                  OT1/lmtt/m/n --> TU/lmtt/bx/n on input line 113.

Package fontspec Info: 
(fontspec)             latinmodern-math scale = 0.9999964596882403.


Package fontspec Info: 
(fontspec)             latinmodern-math scale = 0.9999964596882403.


Package fontspec Info: 
(fontspec)             latinmodern-math scale = 0.9999964596882403.


Package fontspec Info: 
(fontspec)             Font family 'latinmodern-math.otf(0)' created for font
(fontspec)             'latinmodern-math.otf' with options
(fontspec)             [Scale=MatchLowercase,BoldItalicFont={},ItalicFont={},SmallCapsFont={},Script=Math,BoldFont={latinmodern-math.otf}].
(fontspec)              
(fontspec)              This font family consists of the following NFSS
(fontspec)             series/shapes:
(fontspec)              
(fontspec)             - 'normal' (m/n) with NFSS spec.:
(fontspec)             <->s*[0.9999964596882403]"[latinmodern-math.otf]/OT:script=math;language=dflt;"
(fontspec)             - 'bold' (b/n) with NFSS spec.:
(fontspec)             <->s*[0.9999964596882403]"[latinmodern-math.otf]/OT:script=math;language=dflt;"

LaTeX Font Info:    Font shape `TU/latinmodern-math.otf(0)/m/n' will be
(Font)              scaled to size 10.0pt on input line 113.

Package fontspec Info: 
(fontspec)             latinmodern-math scale = 0.9999964596882403.


Package fontspec Info: 
(fontspec)             latinmodern-math scale = 0.9999964596882403.


Package fontspec Info: 
(fontspec)             latinmodern-math scale = 0.9999964596882403.


Package fontspec Info: 
(fontspec)             latinmodern-math scale = 0.9999964596882403.


Package fontspec Info: 
(fontspec)             latinmodern-math scale = 0.9999964596882403.


Package fontspec Info: 
(fontspec)             Font family 'latinmodern-math.otf(1)' created for font
(fontspec)             'latinmodern-math.otf' with options
(fontspec)             [Scale=MatchLowercase,BoldItalicFont={},ItalicFont={},SmallCapsFont={},Script=Math,SizeFeatures={{Size=8.5-},{Size=6-8.5,Font=latinmodern-math.otf,Style=MathScript},{Size=-6,Font=latinmodern-math.otf,Style=MathScriptScript}},BoldFont={latinmodern-math.otf}].
(fontspec)              
(fontspec)              This font family consists of the following NFSS
(fontspec)             series/shapes:
(fontspec)              
(fontspec)             - 'normal' (m/n) with NFSS spec.:
(fontspec)             <8.5->s*[0.9999964596882403]"[latinmodern-math.otf]/OT:script=math;language=dflt;"<6-8.5>s*[0.9999964596882403]"[latinmodern-math.otf]/OT:script=math;language=dflt;+ssty=0;"<-6>s*[0.9999964596882403]"[latinmodern-math.otf]/OT:script=math;language=dflt;+ssty=1;"
(fontspec)             - 'bold' (b/n) with NFSS spec.:
(fontspec)             <->s*[0.9999964596882403]"[latinmodern-math.otf]/OT:script=math;language=dflt;"

LaTeX Font Info:    Font shape `TU/latinmodern-math.otf(1)/m/n' will be
(Font)              scaled to size 10.0pt on input line 113.
LaTeX Font Info:    Encoding `OT1' has changed to `TU' for symbol font
(Font)              `operators' in the math version `normal' on input line 113.
LaTeX Font Info:    Overwriting symbol font `operators' in version `normal'
(Font)                  OT1/lmr/m/n --> TU/latinmodern-math.otf(1)/m/n on input line 113.
LaTeX Font Info:    Encoding `OT1' has changed to `TU' for symbol font
(Font)              `operators' in the math version `bold' on input line 113.
LaTeX Font Info:    Overwriting symbol font `operators' in version `bold'
(Font)                  OT1/lmr/bx/n --> TU/latinmodern-math.otf(1)/b/n on input line 113.

Package fontspec Info: 
(fontspec)             latinmodern-math scale = 0.9999964596882403.


Package fontspec Info: 
(fontspec)             latinmodern-math scale = 1.000096459334209.


Package fontspec Info: 
(fontspec)             latinmodern-math scale = 0.9999964596882403.


Package fontspec Info: 
(fontspec)             latinmodern-math scale = 1.000096459334209.


Package fontspec Info: 
(fontspec)             latinmodern-math scale = 0.9999964596882403.


Package fontspec Info: 
(fontspec)             latinmodern-math scale = 1.000096459334209.


Package fontspec Info: 
(fontspec)             latinmodern-math scale = 0.9999964596882403.


Package fontspec Info: 
(fontspec)             latinmodern-math scale = 1.000096459334209.


Package fontspec Info: 
(fontspec)             latinmodern-math scale = 0.9999964596882403.


Package fontspec Info: 
(fontspec)             latinmodern-math scale = 1.000096459334209.


Package fontspec Info: 
(fontspec)             Font family 'latinmodern-math.otf(2)' created for font
(fontspec)             'latinmodern-math.otf' with options
(fontspec)             [Scale=MatchLowercase,BoldItalicFont={},ItalicFont={},SmallCapsFont={},Script=Math,SizeFeatures={{Size=8.5-},{Size=6-8.5,Font=latinmodern-math.otf,Style=MathScript},{Size=-6,Font=latinmodern-math.otf,Style=MathScriptScript}},BoldFont={latinmodern-math.otf},ScaleAgain=1.0001,FontAdjustment={\fontdimen
(fontspec)             8\font =6.77pt\relax \fontdimen 9\font =3.94pt\relax
(fontspec)             \fontdimen 10\font =4.44pt\relax \fontdimen 11\font
(fontspec)             =6.86pt\relax \fontdimen 12\font =3.45pt\relax
(fontspec)             \fontdimen 13\font =3.63pt\relax \fontdimen 14\font
(fontspec)             =3.63pt\relax \fontdimen 15\font =2.89pt\relax
(fontspec)             \fontdimen 16\font =2.47pt\relax \fontdimen 17\font
(fontspec)             =2.47pt\relax \fontdimen 18\font =2.5pt\relax
(fontspec)             \fontdimen 19\font =2.0pt\relax \fontdimen 22\font
(fontspec)             =2.5pt\relax \fontdimen 20\font =0pt\relax \fontdimen
(fontspec)             21\font =0pt\relax }].
(fontspec)              
(fontspec)              This font family consists of the following NFSS
(fontspec)             series/shapes:
(fontspec)              
(fontspec)             - 'normal' (m/n) with NFSS spec.:
(fontspec)             <8.5->s*[1.000096459334209]"[latinmodern-math.otf]/OT:script=math;language=dflt;"<6-8.5>s*[1.000096459334209]"[latinmodern-math.otf]/OT:script=math;language=dflt;+ssty=0;"<-6>s*[1.000096459334209]"[latinmodern-math.otf]/OT:script=math;language=dflt;+ssty=1;"
(fontspec)             - 'bold' (b/n) with NFSS spec.:
(fontspec)             <->s*[1.000096459334209]"[latinmodern-math.otf]/OT:script=math;language=dflt;"

LaTeX Font Info:    Encoding `OMS' has changed to `TU' for symbol font
(Font)              `symbols' in the math version `normal' on input line 113.
LaTeX Font Info:    Overwriting symbol font `symbols' in version `normal'
(Font)                  OMS/lmsy/m/n --> TU/latinmodern-math.otf(2)/m/n on input line 113.
LaTeX Font Info:    Encoding `OMS' has changed to `TU' for symbol font
(Font)              `symbols' in the math version `bold' on input line 113.
LaTeX Font Info:    Overwriting symbol font `symbols' in version `bold'
(Font)                  OMS/lmsy/b/n --> TU/latinmodern-math.otf(2)/b/n on input line 113.

Package fontspec Info: 
(fontspec)             latinmodern-math scale = 0.9999964596882403.


Package fontspec Info: 
(fontspec)             latinmodern-math scale = 0.9998964600422715.


Package fontspec Info: 
(fontspec)             latinmodern-math scale = 0.9999964596882403.


Package fontspec Info: 
(fontspec)             latinmodern-math scale = 0.9998964600422715.


Package fontspec Info: 
(fontspec)             latinmodern-math scale = 0.9999964596882403.


Package fontspec Info: 
(fontspec)             latinmodern-math scale = 0.9998964600422715.


Package fontspec Info: 
(fontspec)             latinmodern-math scale = 0.9999964596882403.


Package fontspec Info: 
(fontspec)             latinmodern-math scale = 0.9998964600422715.


Package fontspec Info: 
(fontspec)             latinmodern-math scale = 0.9999964596882403.


Package fontspec Info: 
(fontspec)             latinmodern-math scale = 0.9998964600422715.


Package fontspec Info: 
(fontspec)             Font family 'latinmodern-math.otf(3)' created for font
(fontspec)             'latinmodern-math.otf' with options
(fontspec)             [Scale=MatchLowercase,BoldItalicFont={},ItalicFont={},SmallCapsFont={},Script=Math,SizeFeatures={{Size=8.5-},{Size=6-8.5,Font=latinmodern-math.otf,Style=MathScript},{Size=-6,Font=latinmodern-math.otf,Style=MathScriptScript}},BoldFont={latinmodern-math.otf},ScaleAgain=0.9999,FontAdjustment={\fontdimen
(fontspec)             8\font =0.4pt\relax \fontdimen 9\font =2.0pt\relax
(fontspec)             \fontdimen 10\font =1.67pt\relax \fontdimen 11\font
(fontspec)             =1.11pt\relax \fontdimen 12\font =6.0pt\relax
(fontspec)             \fontdimen 13\font =0pt\relax }].
(fontspec)              
(fontspec)              This font family consists of the following NFSS
(fontspec)             series/shapes:
(fontspec)              
(fontspec)             - 'normal' (m/n) with NFSS spec.:
(fontspec)             <8.5->s*[0.9998964600422715]"[latinmodern-math.otf]/OT:script=math;language=dflt;"<6-8.5>s*[0.9998964600422715]"[latinmodern-math.otf]/OT:script=math;language=dflt;+ssty=0;"<-6>s*[0.9998964600422715]"[latinmodern-math.otf]/OT:script=math;language=dflt;+ssty=1;"
(fontspec)             - 'bold' (b/n) with NFSS spec.:
(fontspec)             <->s*[0.9998964600422715]"[latinmodern-math.otf]/OT:script=math;language=dflt;"

LaTeX Font Info:    Encoding `OMX' has changed to `TU' for symbol font
(Font)              `largesymbols' in the math version `normal' on input line 113.
LaTeX Font Info:    Overwriting symbol font `largesymbols' in version `normal'
(Font)                  OMX/lmex/m/n --> TU/latinmodern-math.otf(3)/m/n on input line 113.
LaTeX Font Info:    Encoding `OMX' has changed to `TU' for symbol font
(Font)              `largesymbols' in the math version `bold' on input line 113.
LaTeX Font Info:    Overwriting symbol font `largesymbols' in version `bold'
(Font)                  OMX/lmex/m/n --> TU/latinmodern-math.otf(3)/b/n on input line 113.
Package hyperref Info: Link coloring OFF on input line 113.



Underfull \vbox (badness 10000) has occurred while \output is active []


Overfull \hbox (336.25pt too wide) has occurred while \output is active
[]
 []


Underfull \vbox (badness 10000) has occurred while \output is active []


Overfull \hbox (336.25pt too wide) has occurred while \output is active
[]
 []


Underfull \vbox (badness 10000) has occurred while \output is active []


Overfull \hbox (336.25pt too wide) has occurred while \output is active
[]
 []


Underfull \vbox (badness 10000) has occurred while \output is active []


Overfull \hbox (336.25pt too wide) has occurred while \output is active
[]
 []


Underfull \hbox (badness 10000) has occurred while \output is active
 [][][][] 
 []

[1


]


Underfull \vbox (badness 10000) has occurred while \output is active []


Overfull \hbox (336.25pt too wide) has occurred while \output is active
[]
 []


Underfull \vbox (badness 10000) has occurred while \output is active []


Overfull \hbox (336.25pt too wide) has occurred while \output is active
[]
 []


Underfull \vbox (badness 10000) has occurred while \output is active []


Overfull \hbox (336.25pt too wide) has occurred while \output is active
[]
 []


Underfull \vbox (badness 10000) has occurred while \output is active []


Overfull \hbox (336.25pt too wide) has occurred while \output is active
[]
 []


Underfull \hbox (badness 10000) has occurred while \output is active
 [][][][] 
 []

[2

]
Underfull \vbox (badness 10000) detected at line 118
 []


Overfull \hbox (336.25pt too wide) detected at line 118
[]
 []


Underfull \vbox (badness 10000) detected at line 118
 []


Overfull \hbox (336.25pt too wide) detected at line 118
[]
 []


Underfull \vbox (badness 10000) detected at line 118
 []


Overfull \hbox (336.25pt too wide) detected at line 118
[]
 []


Underfull \vbox (badness 10000) detected at line 118
 []


Overfull \hbox (336.25pt too wide) detected at line 118
[]
 []


Underfull \hbox (badness 10000) detected at line 118
[]
 []

(./psych-methods.toc
LaTeX Font Info:    Font shape `TU/latinmodern-math.otf(1)/m/n' will be
(Font)              scaled to size 7.0pt on input line 4.
LaTeX Font Info:    Font shape `TU/latinmodern-math.otf(1)/m/n' will be
(Font)              scaled to size 5.0pt on input line 4.
LaTeX Font Info:    Trying to load font information for OML+lmm on input line 4.
(/Users/celestepilegard/Library/TinyTeX/texmf-dist/tex/latex/lm/omllmm.fd
File: omllmm.fd 2015/05/01 v1.6.1 Font defs for Latin Modern
)
LaTeX Font Info:    Font shape `TU/latinmodern-math.otf(2)/m/n' will be
(Font)              scaled to size 10.00092pt on input line 4.
LaTeX Font Info:    Font shape `TU/latinmodern-math.otf(2)/m/n' will be
(Font)              scaled to size 7.00064pt on input line 4.
LaTeX Font Info:    Font shape `TU/latinmodern-math.otf(2)/m/n' will be
(Font)              scaled to size 5.00046pt on input line 4.
LaTeX Font Info:    Font shape `TU/latinmodern-math.otf(3)/m/n' will be
(Font)              scaled to size 9.99893pt on input line 4.
LaTeX Font Info:    Font shape `TU/latinmodern-math.otf(3)/m/n' will be
(Font)              scaled to size 6.99925pt on input line 4.
LaTeX Font Info:    Font shape `TU/latinmodern-math.otf(3)/m/n' will be
(Font)              scaled to size 4.99947pt on input line 4.
LaTeX Font Info:    Trying to load font information for U+msa on input line 4.
(/Users/celestepilegard/Library/TinyTeX/texmf-dist/tex/latex/amsfonts/umsa.fd
File: umsa.fd 2013/01/14 v3.01 AMS symbols A
)
LaTeX Font Info:    Trying to load font information for U+msb on input line 4.
(/Users/celestepilegard/Library/TinyTeX/texmf-dist/tex/latex/amsfonts/umsb.fd
File: umsb.fd 2013/01/14 v3.01 AMS symbols B
)


Underfull \hbox (badness 10000) has occurred while \output is active
 [][][][] 
 []

[3]

[4])
\tf@toc=\write3
\openout3 = `psych-methods.toc'.



[5]


Underfull \vbox (badness 10000) has occurred while \output is active []


Overfull \hbox (336.25pt too wide) has occurred while \output is active
[]
 []


Underfull \vbox (badness 10000) has occurred while \output is active []


Overfull \hbox (336.25pt too wide) has occurred while \output is active
[]
 []


Underfull \vbox (badness 10000) has occurred while \output is active []


Overfull \hbox (336.25pt too wide) has occurred while \output is active
[]
 []


Underfull \vbox (badness 10000) has occurred while \output is active []


Overfull \hbox (336.25pt too wide) has occurred while \output is active
[]
 []


Underfull \hbox (badness 10000) has occurred while \output is active
 [][][][] 
 []

[6

]
Underfull \vbox (badness 10000) detected at line 120
 []


Overfull \hbox (336.25pt too wide) detected at line 120
[]
 []


Underfull \vbox (badness 10000) detected at line 120
 []


Overfull \hbox (336.25pt too wide) detected at line 120
[]
 []


Underfull \vbox (badness 10000) detected at line 120
 []


Overfull \hbox (336.25pt too wide) detected at line 120
[]
 []


Underfull \vbox (badness 10000) detected at line 120
 []


Overfull \hbox (336.25pt too wide) detected at line 120
[]
 []


Underfull \hbox (badness 10000) detected at line 120
[]
 []


Package hyperref Warning: bookmark level for unknown fm defaults to 0.

File: images/cover.png Graphic file (type bmp)
<images/cover.png>



Underfull \hbox (badness 10000) has occurred while \output is active
 [][][][] 
 []

[7

]
Underfull \vbox (badness 10000) detected at line 155
 []


Overfull \hbox (336.25pt too wide) detected at line 155
[]
 []


Underfull \vbox (badness 10000) detected at line 155
 []


Overfull \hbox (336.25pt too wide) detected at line 155
[]
 []


Underfull \vbox (badness 10000) detected at line 155
 []


Overfull \hbox (336.25pt too wide) detected at line 155
[]
 []


Underfull \vbox (badness 10000) detected at line 155
 []


Overfull \hbox (336.25pt too wide) detected at line 155
[]
 []



[8]

[9]


Underfull \vbox (badness 10000) has occurred while \output is active []


Overfull \hbox (336.25pt too wide) has occurred while \output is active
[]
 []


Underfull \vbox (badness 10000) has occurred while \output is active []


Overfull \hbox (336.25pt too wide) has occurred while \output is active
[]
 []


Underfull \vbox (badness 10000) has occurred while \output is active []


Overfull \hbox (336.25pt too wide) has occurred while \output is active
[]
 []


Underfull \vbox (badness 10000) has occurred while \output is active []


Overfull \hbox (336.25pt too wide) has occurred while \output is active
[]
 []


Underfull \hbox (badness 10000) has occurred while \output is active
 [][][][] 
 []

[10

]


Underfull \vbox (badness 10000) has occurred while \output is active []


Overfull \hbox (336.25pt too wide) has occurred while \output is active
[]
 []


Underfull \vbox (badness 10000) has occurred while \output is active []


Overfull \hbox (336.25pt too wide) has occurred while \output is active
[]
 []


Underfull \vbox (badness 10000) has occurred while \output is active []


Overfull \hbox (336.25pt too wide) has occurred while \output is active
[]
 []


Underfull \vbox (badness 10000) has occurred while \output is active []


Overfull \hbox (336.25pt too wide) has occurred while \output is active
[]
 []


Underfull \hbox (badness 10000) has occurred while \output is active
 [][][][] 
 []

[11]


Underfull \vbox (badness 10000) has occurred while \output is active []


Overfull \hbox (336.25pt too wide) has occurred while \output is active
[]
 []


Underfull \vbox (badness 10000) has occurred while \output is active []


Overfull \hbox (336.25pt too wide) has occurred while \output is active
[]
 []


Underfull \vbox (badness 10000) has occurred while \output is active []


Overfull \hbox (336.25pt too wide) has occurred while \output is active
[]
 []


Underfull \vbox (badness 10000) has occurred while \output is active []


Overfull \hbox (336.25pt too wide) has occurred while \output is active
[]
 []


Underfull \hbox (badness 10000) has occurred while \output is active
 [][][][] 
 []

[12]
Underfull \vbox (badness 10000) detected at line 158
 []


Overfull \hbox (336.25pt too wide) detected at line 158
[]
 []


Underfull \vbox (badness 10000) detected at line 158
 []


Overfull \hbox (336.25pt too wide) detected at line 158
[]
 []


Underfull \vbox (badness 10000) detected at line 158
 []


Overfull \hbox (336.25pt too wide) detected at line 158
[]
 []


Underfull \vbox (badness 10000) detected at line 158
 []


Overfull \hbox (336.25pt too wide) detected at line 158
[]
 []

Chapter 1.
File: images/science-of-psych/mehl.jpeg Graphic file (type bmp)
<images/science-of-psych/mehl.jpeg>



Underfull \hbox (badness 10000) has occurred while \output is active
 [][][][] 
 []

[13


]
Underfull \hbox (badness 10000) detected at line 182
 [][]
 []


Underfull \hbox (badness 10000) detected at line 182
[][][]
 []


Underfull \hbox (badness 10000) detected at line 184
 [][]
 []


Underfull \hbox (badness 10000) detected at line 184
[][][]
 []


Underfull \hbox (badness 10000) detected at line 186
 [][]
 []


Underfull \hbox (badness 10000) detected at line 186
[][][]
 []


Underfull \hbox (badness 10000) detected at line 188
 [][]
 []


Underfull \hbox (badness 10000) detected at line 188
[][][]
 []



[14]

[15]

[16]
Underfull \hbox (badness 10000) detected at line 251
 [][]
 []


Underfull \hbox (badness 10000) detected at line 251
[][][]
 []



[17]
Underfull \hbox (badness 10000) detected at line 253
 [][]
 []


Underfull \hbox (badness 10000) detected at line 253
[][][]
 []


Underfull \hbox (badness 10000) detected at line 255
 [][]
 []


Underfull \hbox (badness 10000) detected at line 255
[][][]
 []


Underfull \hbox (badness 10000) detected at line 267
 [][]
 []


Underfull \hbox (badness 10000) detected at line 267
[][][]
 []


Underfull \hbox (badness 10000) detected at line 269
 [][]
 []


Underfull \hbox (badness 10000) detected at line 269
[][][]
 []


Underfull \hbox (badness 10000) detected at line 271
 [][]
 []


Underfull \hbox (badness 10000) detected at line 271
[][][]
 []

File: images/science-of-psych/scientificmethod.png Graphic file (type bmp)
<images/science-of-psych/scientificmethod.png>


[18]
File: images/science-of-psych/cell.jpeg Graphic file (type bmp)
<images/science-of-psych/cell.jpeg>


[19]

[20]
Underfull \hbox (badness 10000) detected at line 335
 [][]
 []


Underfull \hbox (badness 10000) detected at line 335
[][][]
 []



[21]
Underfull \hbox (badness 10000) detected at line 337
 [][]
 []


Underfull \hbox (badness 10000) detected at line 337
[][][]
 []


Underfull \hbox (badness 10000) detected at line 349
 [][]
 []


Underfull \hbox (badness 10000) detected at line 349
[][][]
 []


Underfull \hbox (badness 10000) detected at line 351
 [][]
 []


Underfull \hbox (badness 10000) detected at line 351
[][][]
 []


Underfull \hbox (badness 10000) detected at line 353
 [][]
 []


Underfull \hbox (badness 10000) detected at line 353
[][][]
 []



[22]

[23]
Underfull \hbox (badness 10000) detected at line 407
 [][]
 []


Underfull \hbox (badness 10000) detected at line 407
[][][]
 []



[24]
Underfull \hbox (badness 10000) detected at line 429
 [][]
 []


Underfull \hbox (badness 10000) detected at line 429
[][][]
 []


Underfull \hbox (badness 10000) detected at line 431
 [][]
 []


Underfull \hbox (badness 10000) detected at line 431
[][][]
 []


Underfull \hbox (badness 10000) detected at line 433
 [][]
 []


Underfull \hbox (badness 10000) detected at line 433
[][][]
 []

File: images/science-of-psych/therapy.jpeg Graphic file (type bmp)
<images/science-of-psych/therapy.jpeg>


[25]

[26]
Underfull \hbox (badness 10000) detected at line 492
 [][]
 []


Underfull \hbox (badness 10000) detected at line 492
[][][]
 []


Underfull \hbox (badness 10000) detected at line 510
 [][]
 []


Underfull \hbox (badness 10000) detected at line 510
[][][]
 []



[27]

[28]

[29]


Underfull \vbox (badness 10000) has occurred while \output is active []


Overfull \hbox (336.25pt too wide) has occurred while \output is active
[]
 []


Underfull \vbox (badness 10000) has occurred while \output is active []


Overfull \hbox (336.25pt too wide) has occurred while \output is active
[]
 []


Underfull \vbox (badness 10000) has occurred while \output is active []


Overfull \hbox (336.25pt too wide) has occurred while \output is active
[]
 []


Underfull \vbox (badness 10000) has occurred while \output is active []


Overfull \hbox (336.25pt too wide) has occurred while \output is active
[]
 []


Underfull \hbox (badness 10000) has occurred while \output is active
 [][][][] 
 []

[30

]
Underfull \vbox (badness 10000) detected at line 590
 []


Overfull \hbox (336.25pt too wide) detected at line 590
[]
 []


Underfull \vbox (badness 10000) detected at line 590
 []


Overfull \hbox (336.25pt too wide) detected at line 590
[]
 []


Underfull \vbox (badness 10000) detected at line 590
 []


Overfull \hbox (336.25pt too wide) detected at line 590
[]
 []


Underfull \vbox (badness 10000) detected at line 590
 []


Overfull \hbox (336.25pt too wide) detected at line 590
[]
 []

Chapter 2.
File: images/science-of-psych/scientificmethod.png Graphic file (type bmp)
<images/science-of-psych/scientificmethod.png>



Underfull \hbox (badness 10000) has occurred while \output is active
 [][][][] 
 []

[31

]
Underfull \hbox (badness 10000) detected at line 625
 [][]
 []


Underfull \hbox (badness 10000) detected at line 625
[][][]
 []


Underfull \hbox (badness 10000) detected at line 627
 [][]
 []


Underfull \hbox (badness 10000) detected at line 627
[][][]
 []


Underfull \hbox (badness 10000) detected at line 629
 [][]
 []


Underfull \hbox (badness 10000) detected at line 629
[][][]
 []


Underfull \hbox (badness 10000) detected at line 631
 [][]
 []


Underfull \hbox (badness 10000) detected at line 631
[][][]
 []


Underfull \hbox (badness 10000) detected at line 633
 [][]
 []


Underfull \hbox (badness 10000) detected at line 633
[][][]
 []



[32]

[33]

[34]
File: 02-getting-started_files/figure-latex/bargraph-1.pdf Graphic file (type pdf)
<use 02-getting-started_files/figure-latex/bargraph-1.pdf>


[35]
File: 02-getting-started_files/figure-latex/scatter-1.pdf Graphic file (type pdf)
<use 02-getting-started_files/figure-latex/scatter-1.pdf>


[36]
File: images/getting-started/pearson.png Graphic file (type bmp)
<images/getting-started/pearson.png>
File: 02-getting-started_files/figure-latex/nonlinear-1.pdf Graphic file (type pdf)
<use 02-getting-started_files/figure-latex/nonlinear-1.pdf>


[37]
File: images/getting-started/correlationdoesnotimplycausation.png Graphic file (type bmp)
<images/getting-started/correlationdoesnotimplycausation.png>


[38]

[39]
Underfull \hbox (badness 10000) detected at line 772
 [][]
 []


Underfull \hbox (badness 10000) detected at line 772
[][][]
 []


Underfull \hbox (badness 10000) detected at line 774
 [][]
 []


Underfull \hbox (badness 10000) detected at line 774
[][][]
 []


Underfull \hbox (badness 10000) detected at line 776
 [][]
 []


Underfull \hbox (badness 10000) detected at line 776
[][][]
 []



[40]
Underfull \hbox (badness 10000) detected at line 778
 [][]
 []


Underfull \hbox (badness 10000) detected at line 778
[][][]
 []


Underfull \hbox (badness 10000) detected at line 800
 [][]
 []


Underfull \hbox (badness 10000) detected at line 800
[][][]
 []


Underfull \hbox (badness 10000) detected at line 802
 [][]
 []


Underfull \hbox (badness 10000) detected at line 802
[][][]
 []


Underfull \hbox (badness 10000) detected at line 804
 [][]
 []


Underfull \hbox (badness 10000) detected at line 804
[][][]
 []



[41]

[42]

[43]

[44]
Overfull \hbox (107.10007pt too wide) in paragraph at lines 847--862
 [][] 
 []



[45]
Underfull \hbox (badness 10000) detected at line 891
 [][]
 []


Underfull \hbox (badness 10000) detected at line 891
[][][]
 []



[46]

[47]

[48]

[49]


Underfull \vbox (badness 10000) has occurred while \output is active []


Overfull \hbox (336.25pt too wide) has occurred while \output is active
[]
 []


Underfull \vbox (badness 10000) has occurred while \output is active []


Overfull \hbox (336.25pt too wide) has occurred while \output is active
[]
 []


Underfull \vbox (badness 10000) has occurred while \output is active []


Overfull \hbox (336.25pt too wide) has occurred while \output is active
[]
 []


Underfull \vbox (badness 10000) has occurred while \output is active []


Overfull \hbox (336.25pt too wide) has occurred while \output is active
[]
 []


Underfull \hbox (badness 10000) has occurred while \output is active
 [][][][] 
 []

[50

]
Underfull \vbox (badness 10000) detected at line 1016
 []


Overfull \hbox (336.25pt too wide) detected at line 1016
[]
 []


Underfull \vbox (badness 10000) detected at line 1016
 []


Overfull \hbox (336.25pt too wide) detected at line 1016
[]
 []


Underfull \vbox (badness 10000) detected at line 1016
 []


Overfull \hbox (336.25pt too wide) detected at line 1016
[]
 []


Underfull \vbox (badness 10000) detected at line 1016
 []


Overfull \hbox (336.25pt too wide) detected at line 1016
[]
 []

Chapter 3.



Underfull \hbox (badness 10000) has occurred while \output is active
 [][][][] 
 []

[51

]
Underfull \hbox (badness 10000) detected at line 1040
 [][]
 []


Underfull \hbox (badness 10000) detected at line 1040
[][][]
 []


Underfull \hbox (badness 10000) detected at line 1042
 [][]
 []


Underfull \hbox (badness 10000) detected at line 1042
[][][]
 []


Underfull \hbox (badness 10000) detected at line 1044
 [][]
 []


Underfull \hbox (badness 10000) detected at line 1044
[][][]
 []


Underfull \hbox (badness 10000) detected at line 1046
 [][]
 []


Underfull \hbox (badness 10000) detected at line 1046
[][][]
 []


Underfull \hbox (badness 10000) detected at line 1048
 [][]
 []


Underfull \hbox (badness 10000) detected at line 1048
[][][]
 []



[52]

[53]

[54]

[55]

[56]

[57]

[58]
File: 03-experiments_files/figure-latex/confound-1.pdf Graphic file (type pdf)
<use 03-experiments_files/figure-latex/confound-1.pdf>


[59]
Underfull \hbox (badness 10000) detected at line 1201
 [][]
 []


Underfull \hbox (badness 10000) detected at line 1201
[][][]
 []


Underfull \hbox (badness 10000) detected at line 1203
 [][]
 []


Underfull \hbox (badness 10000) detected at line 1203
[][][]
 []


Underfull \hbox (badness 10000) detected at line 1227
 [][]
 []


Underfull \hbox (badness 10000) detected at line 1227
[][][]
 []


Underfull \hbox (badness 1867) in paragraph at lines 1227--1229
[]\TU/lmr/m/n/10 Explain the difference between between-subjects and within-
 []


Underfull \hbox (badness 10000) detected at line 1229
 [][]
 []


Underfull \hbox (badness 10000) detected at line 1229
[][][]
 []


Underfull \hbox (badness 10000) detected at line 1231
 [][]
 []


Underfull \hbox (badness 10000) detected at line 1231
[][][]
 []


Underfull \hbox (badness 10000) detected at line 1233
 [][]
 []


Underfull \hbox (badness 10000) detected at line 1233
[][][]
 []



[60]

[61]

[62]
File: 03-experiments_files/figure-latex/placebo-1.pdf Graphic file (type pdf)
<use 03-experiments_files/figure-latex/placebo-1.pdf>


[63]

[64]
File: images/experiments/surgery.jpeg Graphic file (type bmp)
<images/experiments/surgery.jpeg>


[65]

[66]

[67]

[68]
Underfull \hbox (badness 10000) detected at line 1379
 [][]
 []


Underfull \hbox (badness 10000) detected at line 1379
[][][]
 []



[69]
Underfull \hbox (badness 10000) detected at line 1393
 [][]
 []


Underfull \hbox (badness 10000) detected at line 1393
[][][]
 []


Underfull \hbox (badness 10000) detected at line 1405
 [][]
 []


Underfull \hbox (badness 10000) detected at line 1405
[][][]
 []


Underfull \hbox (badness 10000) detected at line 1407
 [][]
 []


Underfull \hbox (badness 10000) detected at line 1407
[][][]
 []


Underfull \hbox (badness 10000) detected at line 1409
 [][]
 []


Underfull \hbox (badness 10000) detected at line 1409
[][][]
 []



[70]

[71]

[72]

[73]

[74]
Underfull \hbox (badness 10000) detected at line 1532
 [][]
 []


Underfull \hbox (badness 10000) detected at line 1532
[][][]
 []


Underfull \hbox (badness 10000) detected at line 1534
 [][]
 []


Underfull \hbox (badness 10000) detected at line 1534
[][][]
 []



[75]

[76]

[77]

[78]

[79]


Underfull \vbox (badness 10000) has occurred while \output is active []


Overfull \hbox (336.25pt too wide) has occurred while \output is active
[]
 []


Underfull \vbox (badness 10000) has occurred while \output is active []


Overfull \hbox (336.25pt too wide) has occurred while \output is active
[]
 []


Underfull \vbox (badness 10000) has occurred while \output is active []


Overfull \hbox (336.25pt too wide) has occurred while \output is active
[]
 []


Underfull \vbox (badness 10000) has occurred while \output is active []


Overfull \hbox (336.25pt too wide) has occurred while \output is active
[]
 []


Underfull \hbox (badness 10000) has occurred while \output is active
 [][][][] 
 []

[80

]
Underfull \vbox (badness 10000) detected at line 1699
 []


Overfull \hbox (336.25pt too wide) detected at line 1699
[]
 []


Underfull \vbox (badness 10000) detected at line 1699
 []


Overfull \hbox (336.25pt too wide) detected at line 1699
[]
 []


Underfull \vbox (badness 10000) detected at line 1699
 []


Overfull \hbox (336.25pt too wide) detected at line 1699
[]
 []


Underfull \vbox (badness 10000) detected at line 1699
 []


Overfull \hbox (336.25pt too wide) detected at line 1699
[]
 []

Chapter 4.

Underfull \hbox (badness 10000) detected at line 1714
 [][]
 []


Underfull \hbox (badness 10000) detected at line 1714
[][][]
 []




Underfull \hbox (badness 10000) has occurred while \output is active
 [][][][] 
 []

[81

]
Underfull \hbox (badness 10000) detected at line 1716
 [][]
 []


Underfull \hbox (badness 10000) detected at line 1716
[][][]
 []


Underfull \hbox (badness 10000) detected at line 1718
 [][]
 []


Underfull \hbox (badness 10000) detected at line 1718
[][][]
 []


Underfull \hbox (badness 10000) detected at line 1720
 [][]
 []


Underfull \hbox (badness 10000) detected at line 1720
[][][]
 []


Underfull \hbox (badness 10000) detected at line 1722
 [][]
 []


Underfull \hbox (badness 10000) detected at line 1722
[][][]
 []


Underfull \hbox (badness 10000) detected at line 1724
 [][]
 []


Underfull \hbox (badness 10000) detected at line 1724
[][][]
 []


Underfull \hbox (badness 10000) detected at line 1726
 [][]
 []


Underfull \hbox (badness 10000) detected at line 1726
[][][]
 []


Underfull \hbox (badness 10000) detected at line 1728
 [][]
 []


Underfull \hbox (badness 10000) detected at line 1728
[][][]
 []


Underfull \hbox (badness 10000) detected at line 1730
 [][]
 []


Underfull \hbox (badness 10000) detected at line 1730
[][][]
 []


Underfull \hbox (badness 10000) detected at line 1732
 [][]
 []


Underfull \hbox (badness 10000) detected at line 1732
[][][]
 []


Underfull \hbox (badness 10000) detected at line 1744
 [][]
 []


Underfull \hbox (badness 10000) detected at line 1744
[][][]
 []


Underfull \hbox (badness 10000) detected at line 1746
 [][]
 []


Underfull \hbox (badness 10000) detected at line 1746
[][][]
 []


Underfull \hbox (badness 10000) detected at line 1748
 [][]
 []


Underfull \hbox (badness 10000) detected at line 1748
[][][]
 []


Underfull \hbox (badness 10000) detected at line 1750
 [][]
 []


Underfull \hbox (badness 10000) detected at line 1750
[][][]
 []



[82]

[83]

[84]
File: images/measurement/eeg.jpeg Graphic file (type bmp)
<images/measurement/eeg.jpeg>


[85]
Underfull \hbox (badness 2600) in paragraph at lines 1823--1824
[]\TU/lmr/m/n/10 When psychologists use multiple operational definitions of the same
 []



[86]

[87]
Underfull \hbox (badness 10000) detected at line 1857
 [][]
 []


Underfull \hbox (badness 10000) detected at line 1857
[][][]
 []


Underfull \hbox (badness 10000) detected at line 1859
 [][]
 []


Underfull \hbox (badness 10000) detected at line 1859
[][][]
 []


Underfull \hbox (badness 10000) detected at line 1861
 [][]
 []


Underfull \hbox (badness 10000) detected at line 1861
[][][]
 []



[88]
Underfull \hbox (badness 10000) detected at line 1883
 [][]
 []


Underfull \hbox (badness 10000) detected at line 1883
[][][]
 []


Underfull \hbox (badness 10000) detected at line 1885
 [][]
 []


Underfull \hbox (badness 10000) detected at line 1885
[][][]
 []


Underfull \hbox (badness 10000) detected at line 1887
 [][]
 []


Underfull \hbox (badness 10000) detected at line 1887
[][][]
 []



[89]
File: 04-measurement_files/figure-latex/retest-1.pdf Graphic file (type pdf)
<use 04-measurement_files/figure-latex/retest-1.pdf>


[90]
File: 04-measurement_files/figure-latex/internal-1.pdf Graphic file (type pdf)
<use 04-measurement_files/figure-latex/internal-1.pdf>
Missing character: There is no α (U+03B1) in font [lmroman10-regular]:mapping=tex-text;!
Missing character: There is no α (U+03B1) in font [lmroman10-regular]:mapping=tex-text;!
Missing character: There is no α (U+03B1) in font [lmroman10-regular]:mapping=tex-text;!
Missing character: There is no α (U+03B1) in font [lmroman10-regular]:mapping=tex-text;!


[91]
Missing character: There is no α (U+03B1) in font [lmroman10-regular]:mapping=tex-text;!
Missing character: There is no κ (U+03BA) in font [lmroman10-regular]:mapping=tex-text;!


[92]

[93]

[94]
Underfull \hbox (badness 10000) detected at line 2002
 [][]
 []


Underfull \hbox (badness 10000) detected at line 2002
[][][]
 []



[95]
Underfull \hbox (badness 10000) detected at line 2004
 [][]
 []


Underfull \hbox (badness 10000) detected at line 2004
[][][]
 []


Underfull \hbox (badness 10000) detected at line 2006
 [][]
 []


Underfull \hbox (badness 10000) detected at line 2006
[][][]
 []


Underfull \hbox (badness 10000) detected at line 2018
 [][]
 []


Underfull \hbox (badness 10000) detected at line 2018
[][][]
 []


Underfull \hbox (badness 10000) detected at line 2020
 [][]
 []


Underfull \hbox (badness 10000) detected at line 2020
[][][]
 []


Underfull \hbox (badness 10000) detected at line 2022
 [][]
 []


Underfull \hbox (badness 10000) detected at line 2022
[][][]
 []


Underfull \hbox (badness 10000) detected at line 2024
 [][]
 []


Underfull \hbox (badness 10000) detected at line 2024
[][][]
 []


Underfull \hbox (badness 10000) detected at line 2026
 [][]
 []


Underfull \hbox (badness 10000) detected at line 2026
[][][]
 []



[96]

[97]

[98]

[99]

[100]
Underfull \hbox (badness 10000) detected at line 2103
 [][]
 []


Underfull \hbox (badness 10000) detected at line 2103
[][][]
 []



[101]
Underfull \hbox (badness 10000) detected at line 2105
 [][]
 []


Underfull \hbox (badness 10000) detected at line 2105
[][][]
 []

Missing character: There is no κ (U+03BA) in font [lmroman10-italic]:mapping=tex-text;!


[102]
Missing character: There is no α (U+03B1) in font [lmroman10-italic]:mapping=tex-text;!


[103]

[104]

[105]

[106]
Underfull \vbox (badness 10000) detected at line 2265
 []


Overfull \hbox (336.25pt too wide) detected at line 2265
[]
 []


Underfull \vbox (badness 10000) detected at line 2265
 []


Overfull \hbox (336.25pt too wide) detected at line 2265
[]
 []


Underfull \vbox (badness 10000) detected at line 2265
 []


Overfull \hbox (336.25pt too wide) detected at line 2265
[]
 []


Underfull \vbox (badness 10000) detected at line 2265
 []


Overfull \hbox (336.25pt too wide) detected at line 2265
[]
 []

Chapter 5.

Underfull \hbox (badness 10000) detected at line 2273
 [][]
 []


Underfull \hbox (badness 10000) detected at line 2273
[][][]
 []


Underfull \hbox (badness 10000) detected at line 2275
 [][]
 []


Underfull \hbox (badness 10000) detected at line 2275
[][][]
 []


Underfull \hbox (badness 10000) detected at line 2277
 [][]
 []


Underfull \hbox (badness 10000) detected at line 2277
[][][]
 []

File: images/sampling/sampling.png Graphic file (type bmp)
<images/sampling/sampling.png>

Underfull \hbox (badness 10000) detected at line 2302
 [][]
 []


Underfull \hbox (badness 10000) detected at line 2302
[][][]
 []




Underfull \hbox (badness 10000) has occurred while \output is active
 [][][][] 
 []

[107


]
Underfull \hbox (badness 10000) detected at line 2304
 [][]
 []


Underfull \hbox (badness 10000) detected at line 2304
[][][]
 []


Underfull \hbox (badness 10000) detected at line 2306
 [][]
 []


Underfull \hbox (badness 10000) detected at line 2306
[][][]
 []



[108]
File: 05-sampling_files/figure-latex/simple-1.pdf Graphic file (type pdf)
<use 05-sampling_files/figure-latex/simple-1.pdf>


[109]
File: 05-sampling_files/figure-latex/stratified-1.pdf Graphic file (type pdf)
<use 05-sampling_files/figure-latex/stratified-1.pdf>
File: 05-sampling_files/figure-latex/cluster-1.pdf Graphic file (type pdf)
<use 05-sampling_files/figure-latex/cluster-1.pdf>


[110]

[111]
Underfull \hbox (badness 10000) detected at line 2373
 [][]
 []


Underfull \hbox (badness 10000) detected at line 2373
[][][]
 []



[112]
Underfull \hbox (badness 10000) detected at line 2398
 [][]
 []


Underfull \hbox (badness 10000) detected at line 2398
[][][]
 []


Underfull \hbox (badness 10000) detected at line 2400
 [][]
 []


Underfull \hbox (badness 10000) detected at line 2400
[][][]
 []


Underfull \hbox (badness 10000) detected at line 2402
 [][]
 []


Underfull \hbox (badness 10000) detected at line 2402
[][][]
 []


Underfull \hbox (badness 10000) in paragraph at lines 2402--2403

 []


Underfull \hbox (badness 10000) detected at line 2416
 [][]
 []


Underfull \hbox (badness 10000) detected at line 2416
[][][]
 []



[113]
Underfull \hbox (badness 10000) detected at line 2418
 [][]
 []


Underfull \hbox (badness 10000) detected at line 2418
[][][]
 []


Underfull \hbox (badness 10000) detected at line 2420
 [][]
 []


Underfull \hbox (badness 10000) detected at line 2420
[][][]
 []

File: images/sampling/snow.jpeg Graphic file (type bmp)
<images/sampling/snow.jpeg>


[114]

[115]

[116]
Underfull \hbox (badness 10000) detected at line 2482
 [][]
 []


Underfull \hbox (badness 10000) detected at line 2482
[][][]
 []



[117]

[118]

[119]


Underfull \vbox (badness 10000) has occurred while \output is active []


Overfull \hbox (336.25pt too wide) has occurred while \output is active
[]
 []


Underfull \vbox (badness 10000) has occurred while \output is active []


Overfull \hbox (336.25pt too wide) has occurred while \output is active
[]
 []


Underfull \vbox (badness 10000) has occurred while \output is active []


Overfull \hbox (336.25pt too wide) has occurred while \output is active
[]
 []


Underfull \vbox (badness 10000) has occurred while \output is active []


Overfull \hbox (336.25pt too wide) has occurred while \output is active
[]
 []


Underfull \hbox (badness 10000) has occurred while \output is active
 [][][][] 
 []

[120

]
Underfull \vbox (badness 10000) detected at line 2572
 []


Overfull \hbox (336.25pt too wide) detected at line 2572
[]
 []


Underfull \vbox (badness 10000) detected at line 2572
 []


Overfull \hbox (336.25pt too wide) detected at line 2572
[]
 []


Underfull \vbox (badness 10000) detected at line 2572
 []


Overfull \hbox (336.25pt too wide) detected at line 2572
[]
 []


Underfull \vbox (badness 10000) detected at line 2572
 []


Overfull \hbox (336.25pt too wide) detected at line 2572
[]
 []

Chapter 6.

Underfull \hbox (badness 10000) detected at line 2587
 [][]
 []


Underfull \hbox (badness 10000) detected at line 2587
[][][]
 []


Underfull \hbox (badness 10000) detected at line 2589
 [][]
 []


Underfull \hbox (badness 10000) detected at line 2589
[][][]
 []




Underfull \hbox (badness 10000) has occurred while \output is active
 [][][][] 
 []

[121

]

[122]
Missing character: There is no α (U+03B1) in font [lmroman10-regular]:mapping=tex-text;!


[123]
Underfull \hbox (badness 10000) detected at line 2637
 [][]
 []


Underfull \hbox (badness 10000) detected at line 2637
[][][]
 []


Underfull \hbox (badness 10000) detected at line 2639
 [][]
 []


Underfull \hbox (badness 10000) detected at line 2639
[][][]
 []


Underfull \hbox (badness 10000) detected at line 2651
 [][]
 []


Underfull \hbox (badness 10000) detected at line 2651
[][][]
 []


Underfull \hbox (badness 10000) detected at line 2653
 [][]
 []


Underfull \hbox (badness 10000) detected at line 2653
[][][]
 []


Underfull \hbox (badness 10000) detected at line 2655
 [][]
 []


Underfull \hbox (badness 10000) detected at line 2655
[][][]
 []


Underfull \hbox (badness 10000) detected at line 2657
 [][]
 []


Underfull \hbox (badness 10000) detected at line 2657
[][][]
 []



[124]

[125]
File: images/complex-designs/designtable.png Graphic file (type bmp)
<images/complex-designs/designtable.png>
File: images/complex-designs/designtable2.png Graphic file (type bmp)
<images/complex-designs/designtable2.png>


[126]

[127]

[128]
File: 06-complex-experiments_files/figure-latex/plots-1.pdf Graphic file (type pdf)
<use 06-complex-experiments_files/figure-latex/plots-1.pdf>
File: 06-complex-experiments_files/figure-latex/plots-2.pdf Graphic file (type pdf)
<use 06-complex-experiments_files/figure-latex/plots-2.pdf>


[129]
File: 06-complex-experiments_files/figure-latex/barinteractions1-1.pdf Graphic file (type pdf)
<use 06-complex-experiments_files/figure-latex/barinteractions1-1.pdf>


[130]
File: 06-complex-experiments_files/figure-latex/barinteractions2-1.pdf Graphic file (type pdf)
<use 06-complex-experiments_files/figure-latex/barinteractions2-1.pdf>
File: 06-complex-experiments_files/figure-latex/barinteractions3-1.pdf Graphic file (type pdf)
<use 06-complex-experiments_files/figure-latex/barinteractions3-1.pdf>
File: 06-complex-experiments_files/figure-latex/lineinteractions1-1.pdf Graphic file (type pdf)
<use 06-complex-experiments_files/figure-latex/lineinteractions1-1.pdf>
File: 06-complex-experiments_files/figure-latex/lineinteractions2-1.pdf Graphic file (type pdf)
<use 06-complex-experiments_files/figure-latex/lineinteractions2-1.pdf>
File: 06-complex-experiments_files/figure-latex/lineinteractions3-1.pdf Graphic file (type pdf)
<use 06-complex-experiments_files/figure-latex/lineinteractions3-1.pdf>


[131]

[132]
Underfull \hbox (badness 10000) detected at line 2823
 [][]
 []


Underfull \hbox (badness 10000) detected at line 2823
[][][]
 []


Underfull \hbox (badness 10000) detected at line 2825
 [][]
 []


Underfull \hbox (badness 10000) detected at line 2825
[][][]
 []



[133]

[134]

[135]


Underfull \vbox (badness 10000) has occurred while \output is active []


Overfull \hbox (336.25pt too wide) has occurred while \output is active
[]
 []


Underfull \vbox (badness 10000) has occurred while \output is active []


Overfull \hbox (336.25pt too wide) has occurred while \output is active
[]
 []


Underfull \vbox (badness 10000) has occurred while \output is active []


Overfull \hbox (336.25pt too wide) has occurred while \output is active
[]
 []


Underfull \vbox (badness 10000) has occurred while \output is active []


Overfull \hbox (336.25pt too wide) has occurred while \output is active
[]
 []


Underfull \hbox (badness 10000) has occurred while \output is active
 [][][][] 
 []

[136

]
Underfull \vbox (badness 10000) detected at line 2885
 []


Overfull \hbox (336.25pt too wide) detected at line 2885
[]
 []


Underfull \vbox (badness 10000) detected at line 2885
 []


Overfull \hbox (336.25pt too wide) detected at line 2885
[]
 []


Underfull \vbox (badness 10000) detected at line 2885
 []


Overfull \hbox (336.25pt too wide) detected at line 2885
[]
 []


Underfull \vbox (badness 10000) detected at line 2885
 []


Overfull \hbox (336.25pt too wide) detected at line 2885
[]
 []

Chapter 7.

Underfull \hbox (badness 10000) detected at line 2894
 [][]
 []


Underfull \hbox (badness 10000) detected at line 2894
[][][]
 []


Underfull \hbox (badness 10000) detected at line 2896
 [][]
 []


Underfull \hbox (badness 10000) detected at line 2896
[][][]
 []




Underfull \hbox (badness 10000) has occurred while \output is active
 [][][][] 
 []

[137

]

[138]

[139]

[140]
File: 07-quasi-experiments_files/figure-latex/timeseries-1.pdf Graphic file (type pdf)
<use 07-quasi-experiments_files/figure-latex/timeseries-1.pdf>
File: 07-quasi-experiments_files/figure-latex/timeseries-2.pdf Graphic file (type pdf)
<use 07-quasi-experiments_files/figure-latex/timeseries-2.pdf>


[141]

[142]
Underfull \hbox (badness 10000) detected at line 2962
 [][]
 []


Underfull \hbox (badness 10000) detected at line 2962
[][][]
 []


Underfull \hbox (badness 10000) detected at line 2964
 [][]
 []


Underfull \hbox (badness 10000) detected at line 2964
[][][]
 []


Underfull \hbox (badness 10000) detected at line 2989
 [][]
 []


Underfull \hbox (badness 10000) detected at line 2989
[][][]
 []


Underfull \hbox (badness 10000) detected at line 2991
 [][]
 []


Underfull \hbox (badness 10000) detected at line 2991
[][][]
 []


Underfull \hbox (badness 10000) detected at line 2993
 [][]
 []


Underfull \hbox (badness 10000) detected at line 2993
[][][]
 []


Underfull \hbox (badness 10000) detected at line 2995
 [][]
 []


Underfull \hbox (badness 10000) detected at line 2995
[][][]
 []


Underfull \hbox (badness 10000) detected at line 2997
 [][]
 []


Underfull \hbox (badness 10000) detected at line 2997
[][][]
 []



[143]
File: images/single-N/teacher.jpeg Graphic file (type bmp)
<images/single-N/teacher.jpeg>


[144]
File: 07-quasi-experiments_files/figure-latex/aba-1.pdf Graphic file (type pdf)
<use 07-quasi-experiments_files/figure-latex/aba-1.pdf>


[145]
File: 07-quasi-experiments_files/figure-latex/abab-1.pdf Graphic file (type pdf)
<use 07-quasi-experiments_files/figure-latex/abab-1.pdf>


[146]
File: 07-quasi-experiments_files/figure-latex/multiple-1.pdf Graphic file (type pdf)
<use 07-quasi-experiments_files/figure-latex/multiple-1.pdf>
File: 07-quasi-experiments_files/figure-latex/multiple-2.pdf Graphic file (type pdf)
<use 07-quasi-experiments_files/figure-latex/multiple-2.pdf>
File: 07-quasi-experiments_files/figure-latex/multiple-3.pdf Graphic file (type pdf)
<use 07-quasi-experiments_files/figure-latex/multiple-3.pdf>
File: 07-quasi-experiments_files/figure-latex/aba2-1.pdf Graphic file (type pdf)
<use 07-quasi-experiments_files/figure-latex/aba2-1.pdf>
File: 07-quasi-experiments_files/figure-latex/aba2-2.pdf Graphic file (type pdf)
<use 07-quasi-experiments_files/figure-latex/aba2-2.pdf>


[147]

[148]
Underfull \hbox (badness 10000) detected at line 3125
 [][]
 []


Underfull \hbox (badness 10000) detected at line 3125
[][][]
 []



[149]
Underfull \hbox (badness 10000) detected at line 3138
 [][]
 []


Underfull \hbox (badness 10000) detected at line 3138
[][][]
 []


Underfull \hbox (badness 10000) detected at line 3140
 [][]
 []


Underfull \hbox (badness 10000) detected at line 3140
[][][]
 []


Underfull \hbox (badness 10000) detected at line 3142
 [][]
 []


Underfull \hbox (badness 10000) detected at line 3142
[][][]
 []



[150]

[151]

[152]

[153]

[154]
Underfull \vbox (badness 10000) detected at line 3292
 []


Overfull \hbox (336.25pt too wide) detected at line 3292
[]
 []


Underfull \vbox (badness 10000) detected at line 3292
 []


Overfull \hbox (336.25pt too wide) detected at line 3292
[]
 []


Underfull \vbox (badness 10000) detected at line 3292
 []


Overfull \hbox (336.25pt too wide) detected at line 3292
[]
 []


Underfull \vbox (badness 10000) detected at line 3292
 []


Overfull \hbox (336.25pt too wide) detected at line 3292
[]
 []

Chapter 8.

Underfull \hbox (badness 10000) detected at line 3319
 [][]
 []


Underfull \hbox (badness 10000) detected at line 3319
[][][]
 []




Underfull \hbox (badness 10000) has occurred while \output is active
 [][][][] 
 []

[155


]
Underfull \hbox (badness 10000) detected at line 3321
 [][]
 []


Underfull \hbox (badness 10000) detected at line 3321
[][][]
 []



[156]

[157]
File: images/nonexperiments/validity.png Graphic file (type bmp)
<images/nonexperiments/validity.png>

Underfull \hbox (badness 10000) detected at line 3384
 [][]
 []


Underfull \hbox (badness 10000) detected at line 3384
[][][]
 []



[158]
Underfull \hbox (badness 10000) detected at line 3409
 [][]
 []


Underfull \hbox (badness 10000) detected at line 3409
[][][]
 []


Underfull \hbox (badness 10000) detected at line 3411
 [][]
 []


Underfull \hbox (badness 10000) detected at line 3411
[][][]
 []



[159]
File: 08-nonexperiments_files/figure-latex/todo-1.pdf Graphic file (type pdf)
<use 08-nonexperiments_files/figure-latex/todo-1.pdf>


[160]

[161]

[162]
File: images/nonexperiments/bowl.jpeg Graphic file (type bmp)
<images/nonexperiments/bowl.jpeg>


[163]

[164]
Underfull \hbox (badness 10000) detected at line 3492
 [][]
 []


Underfull \hbox (badness 10000) detected at line 3492
[][][]
 []


Underfull \hbox (badness 10000) detected at line 3521
 [][]
 []


Underfull \hbox (badness 10000) detected at line 3521
[][][]
 []


Underfull \hbox (badness 10000) detected at line 3523
 [][]
 []


Underfull \hbox (badness 10000) detected at line 3523
[][][]
 []


Underfull \hbox (badness 10000) detected at line 3525
 [][]
 []


Underfull \hbox (badness 10000) detected at line 3525
[][][]
 []



[165]

[166]
Overfull \hbox (53.63008pt too wide) in paragraph at lines 3548--3561
 [][] 
 []



[167]

[168]

[169]
Underfull \hbox (badness 10000) detected at line 3604
 [][]
 []


Underfull \hbox (badness 10000) detected at line 3604
[][][]
 []


Underfull \hbox (badness 10000) detected at line 3606
 [][]
 []


Underfull \hbox (badness 10000) detected at line 3606
[][][]
 []


Underfull \hbox (badness 10000) detected at line 3618
 [][]
 []


Underfull \hbox (badness 10000) detected at line 3618
[][][]
 []


Underfull \hbox (badness 10000) detected at line 3620
 [][]
 []


Underfull \hbox (badness 10000) detected at line 3620
[][][]
 []


Underfull \hbox (badness 10000) detected at line 3622
 [][]
 []


Underfull \hbox (badness 10000) detected at line 3622
[][][]
 []


Underfull \hbox (badness 10000) detected at line 3624
 [][]
 []


Underfull \hbox (badness 10000) detected at line 3624
[][][]
 []


Underfull \hbox (badness 10000) detected at line 3626
 [][]
 []


Underfull \hbox (badness 10000) detected at line 3626
[][][]
 []



[170]
Underfull \hbox (badness 10000) detected at line 3628
 [][]
 []


Underfull \hbox (badness 10000) detected at line 3628
[][][]
 []



[171]

[172]

[173]
File: images/nonexperiments/cogsurvey.png Graphic file (type bmp)
<images/nonexperiments/cogsurvey.png>


[174]

[175]

LaTeX Warning: Hyper reference `closed-endedux5cux2520item' on page 176 undefined on input line 3742.



[176]
File: images/nonexperiments/scales.png Graphic file (type bmp)
<images/nonexperiments/scales.png>


[177]

[178]
Overfull \hbox (632.77016pt too wide) in paragraph at lines 3793--3808
 [][] 
 []



[179]

[180]

[181]

[182]
Underfull \hbox (badness 10000) detected at line 3889
 [][]
 []


Underfull \hbox (badness 10000) detected at line 3889
[][][]
 []


Underfull \hbox (badness 10000) detected at line 3891
 [][]
 []


Underfull \hbox (badness 10000) detected at line 3891
[][][]
 []


Underfull \hbox (badness 10000) detected at line 3906
 [][]
 []


Underfull \hbox (badness 10000) detected at line 3906
[][][]
 []


Underfull \hbox (badness 10000) detected at line 3923
 [][]
 []


Underfull \hbox (badness 10000) detected at line 3923
[][][]
 []



[183]

[184]

[185]

[186]
Underfull \vbox (badness 10000) detected at line 3993
 []


Overfull \hbox (336.25pt too wide) detected at line 3993
[]
 []


Underfull \vbox (badness 10000) detected at line 3993
 []


Overfull \hbox (336.25pt too wide) detected at line 3993
[]
 []


Underfull \vbox (badness 10000) detected at line 3993
 []


Overfull \hbox (336.25pt too wide) detected at line 3993
[]
 []


Underfull \vbox (badness 10000) detected at line 3993
 []


Overfull \hbox (336.25pt too wide) detected at line 3993
[]
 []

Chapter 9.
File: images/ethics/vaccine.jpeg Graphic file (type bmp)
<images/ethics/vaccine.jpeg>



Underfull \hbox (badness 10000) has occurred while \output is active
 [][][][] 
 []

[187


]
Underfull \hbox (badness 10000) detected at line 4017
 [][]
 []


Underfull \hbox (badness 10000) detected at line 4017
[][][]
 []


Underfull \hbox (badness 10000) detected at line 4019
 [][]
 []


Underfull \hbox (badness 10000) detected at line 4019
[][][]
 []


Overfull \hbox (4.14285pt too wide) in paragraph at lines 4043--4044
[]\TU/lmr/m/n/10 Society  
 []


Overfull \hbox (4.14285pt too wide) in paragraph at lines 4055--4056
[]\TU/lmr/m/n/10 Society  
 []



[188]

[189]
Overfull \hbox (0.45001pt too wide) in paragraph at lines 4085--4086
\TU/lmr/m/n/10 rarely seen in sociopsychological laboratory studies. Subjects were observed
 []



[190]

[191]

[192]

[193]
Underfull \hbox (badness 10000) detected at line 4151
 [][]
 []


Underfull \hbox (badness 10000) detected at line 4151
[][][]
 []


Underfull \hbox (badness 10000) detected at line 4153
 [][]
 []


Underfull \hbox (badness 10000) detected at line 4153
[][][]
 []


Underfull \hbox (badness 10000) detected at line 4165
 [][]
 []


Underfull \hbox (badness 10000) detected at line 4165
[][][]
 []


Underfull \hbox (badness 10000) detected at line 4167
 [][]
 []


Underfull \hbox (badness 10000) detected at line 4167
[][][]
 []



[194]

[195]

[196]

[197]

[198]

[199]

[200]
File: images/ethics/authorship.jpeg Graphic file (type bmp)
<images/ethics/authorship.jpeg>


[201]
Underfull \hbox (badness 10000) detected at line 4340
 [][]
 []


Underfull \hbox (badness 10000) detected at line 4340
[][][]
 []


Underfull \hbox (badness 10000) detected at line 4342
 [][]
 []


Underfull \hbox (badness 10000) detected at line 4342
[][][]
 []


Underfull \hbox (badness 10000) detected at line 4354
 [][]
 []


Underfull \hbox (badness 10000) detected at line 4354
[][][]
 []


Underfull \hbox (badness 10000) detected at line 4356
 [][]
 []


Underfull \hbox (badness 10000) detected at line 4356
[][][]
 []



[202]

[203]

[204]

[205]

[206]

[207]
Underfull \hbox (badness 10000) detected at line 4434
 [][]
 []


Underfull \hbox (badness 10000) detected at line 4434
[][][]
 []


Underfull \hbox (badness 10000) detected at line 4436
 [][]
 []


Underfull \hbox (badness 10000) detected at line 4436
[][][]
 []



[208]

[209]
Underfull \vbox (badness 10000) detected at line 4541
 []


Overfull \hbox (336.25pt too wide) detected at line 4541
[]
 []


Underfull \vbox (badness 10000) detected at line 4541
 []


Overfull \hbox (336.25pt too wide) detected at line 4541
[]
 []


Underfull \vbox (badness 10000) detected at line 4541
 []


Overfull \hbox (336.25pt too wide) detected at line 4541
[]
 []


Underfull \vbox (badness 10000) detected at line 4541
 []


Overfull \hbox (336.25pt too wide) detected at line 4541
[]
 []



[210]


Underfull \vbox (badness 10000) has occurred while \output is active []


Overfull \hbox (336.25pt too wide) has occurred while \output is active
[]
 []


Underfull \vbox (badness 10000) has occurred while \output is active []


Overfull \hbox (336.25pt too wide) has occurred while \output is active
[]
 []


Underfull \vbox (badness 10000) has occurred while \output is active []


Overfull \hbox (336.25pt too wide) has occurred while \output is active
[]
 []


Underfull \vbox (badness 10000) has occurred while \output is active []


Overfull \hbox (336.25pt too wide) has occurred while \output is active
[]
 []


Underfull \hbox (badness 10000) has occurred while \output is active
 [][][][] 
 []

[211

]


Underfull \vbox (badness 10000) has occurred while \output is active []


Overfull \hbox (336.25pt too wide) has occurred while \output is active
[]
 []


Underfull \vbox (badness 10000) has occurred while \output is active []


Overfull \hbox (336.25pt too wide) has occurred while \output is active
[]
 []


Underfull \vbox (badness 10000) has occurred while \output is active []


Overfull \hbox (336.25pt too wide) has occurred while \output is active
[]
 []


Underfull \vbox (badness 10000) has occurred while \output is active []


Overfull \hbox (336.25pt too wide) has occurred while \output is active
[]
 []


Underfull \hbox (badness 10000) has occurred while \output is active
 [][][][] 
 []

[212]
Underfull \vbox (badness 10000) detected at line 4544
 []


Overfull \hbox (336.25pt too wide) detected at line 4544
[]
 []


Underfull \vbox (badness 10000) detected at line 4544
 []


Overfull \hbox (336.25pt too wide) detected at line 4544
[]
 []


Underfull \vbox (badness 10000) detected at line 4544
 []


Overfull \hbox (336.25pt too wide) detected at line 4544
[]
 []


Underfull \vbox (badness 10000) detected at line 4544
 []


Overfull \hbox (336.25pt too wide) detected at line 4544
[]
 []

Chapter 10.



Underfull \hbox (badness 10000) has occurred while \output is active
 [][][][] 
 []

[213


]

[214]

[215]

[216]

[217]
Underfull \hbox (badness 10000) detected at line 4658
 [][]
 []


Underfull \hbox (badness 10000) detected at line 4658
[][][]
 []



[218]
Underfull \hbox (badness 10000) detected at line 4660
 [][]
 []


Underfull \hbox (badness 10000) detected at line 4660
[][][]
 []


Underfull \hbox (badness 10000) detected at line 4662
 [][]
 []


Underfull \hbox (badness 10000) detected at line 4662
[][][]
 []


Underfull \hbox (badness 10000) detected at line 4664
 [][]
 []


Underfull \hbox (badness 10000) detected at line 4664
[][][]
 []


Underfull \hbox (badness 10000) detected at line 4676
 [][]
 []


Underfull \hbox (badness 10000) detected at line 4676
[][][]
 []


Underfull \hbox (badness 10000) detected at line 4678
 [][]
 []


Underfull \hbox (badness 10000) detected at line 4678
[][][]
 []



[219]
File: images/ideas/journals.jpeg Graphic file (type bmp)
<images/ideas/journals.jpeg>


[220]

[221]

[222]

[223]
Underfull \hbox (badness 10000) detected at line 4775
 [][]
 []


Underfull \hbox (badness 10000) detected at line 4775
[][][]
 []



[224]

[225]

[226]
Underfull \vbox (badness 10000) detected at line 4850
 []


Overfull \hbox (336.25pt too wide) detected at line 4850
[]
 []


Underfull \vbox (badness 10000) detected at line 4850
 []


Overfull \hbox (336.25pt too wide) detected at line 4850
[]
 []


Underfull \vbox (badness 10000) detected at line 4850
 []


Overfull \hbox (336.25pt too wide) detected at line 4850
[]
 []


Underfull \vbox (badness 10000) detected at line 4850
 []


Overfull \hbox (336.25pt too wide) detected at line 4850
[]
 []

Chapter 11.
File: images/theory/writing.jpeg Graphic file (type bmp)
<images/theory/writing.jpeg>

Underfull \hbox (badness 10000) detected at line 4880
 [][]
 []


Underfull \hbox (badness 10000) detected at line 4880
[][][]
 []




Underfull \hbox (badness 10000) has occurred while \output is active
 [][][][] 
 []

[227


]
Underfull \hbox (badness 10000) detected at line 4882
 [][]
 []


Underfull \hbox (badness 10000) detected at line 4882
[][][]
 []


Underfull \hbox (badness 10000) detected at line 4884
 [][]
 []


Underfull \hbox (badness 10000) detected at line 4884
[][][]
 []



[228]

[229]

[230]
File: images/theory/memory.png Graphic file (type bmp)
<images/theory/memory.png>


[231]
File: images/theory/g.png Graphic file (type bmp)
<images/theory/g.png>


[232]

[233]

[234]
Underfull \hbox (badness 10000) detected at line 5027
 [][]
 []


Underfull \hbox (badness 10000) detected at line 5027
[][][]
 []


Underfull \hbox (badness 10000) detected at line 5029
 [][]
 []


Underfull \hbox (badness 10000) detected at line 5029
[][][]
 []


Underfull \hbox (badness 10000) detected at line 5039
 [][]
 []


Underfull \hbox (badness 10000) detected at line 5039
[][][]
 []



[235]
Underfull \hbox (badness 10000) detected at line 5051
 [][]
 []


Underfull \hbox (badness 10000) detected at line 5051
[][][]
 []


Underfull \hbox (badness 10000) detected at line 5053
 [][]
 []


Underfull \hbox (badness 10000) detected at line 5053
[][][]
 []



[236]

[237]

[238]
File: images/theory/hypo.png Graphic file (type bmp)
<images/theory/hypo.png>


[239]
Underfull \hbox (badness 10000) detected at line 5129
 [][]
 []


Underfull \hbox (badness 10000) detected at line 5129
[][][]
 []


Underfull \hbox (badness 10000) detected at line 5131
 [][]
 []


Underfull \hbox (badness 10000) detected at line 5131
[][][]
 []


Underfull \hbox (badness 10000) detected at line 5143
 [][]
 []


Underfull \hbox (badness 10000) detected at line 5143
[][][]
 []


Underfull \hbox (badness 10000) detected at line 5145
 [][]
 []


Underfull \hbox (badness 10000) detected at line 5145
[][][]
 []


Underfull \hbox (badness 10000) detected at line 5147
 [][]
 []


Underfull \hbox (badness 10000) detected at line 5147
[][][]
 []



[240]
File: images/theory/hypothetico.png Graphic file (type bmp)
<images/theory/hypothetico.png>


[241]

[242]

[243]

[244]

[245]

[246]
Underfull \hbox (badness 10000) detected at line 5237
 [][]
 []


Underfull \hbox (badness 10000) detected at line 5237
[][][]
 []



[247]

[248]

[249]


Underfull \vbox (badness 10000) has occurred while \output is active []


Overfull \hbox (336.25pt too wide) has occurred while \output is active
[]
 []


Underfull \vbox (badness 10000) has occurred while \output is active []


Overfull \hbox (336.25pt too wide) has occurred while \output is active
[]
 []


Underfull \vbox (badness 10000) has occurred while \output is active []


Overfull \hbox (336.25pt too wide) has occurred while \output is active
[]
 []


Underfull \vbox (badness 10000) has occurred while \output is active []


Overfull \hbox (336.25pt too wide) has occurred while \output is active
[]
 []


Underfull \hbox (badness 10000) has occurred while \output is active
 [][][][] 
 []

[250

]
Underfull \vbox (badness 10000) detected at line 5317
 []


Overfull \hbox (336.25pt too wide) detected at line 5317
[]
 []


Underfull \vbox (badness 10000) detected at line 5317
 []


Overfull \hbox (336.25pt too wide) detected at line 5317
[]
 []


Underfull \vbox (badness 10000) detected at line 5317
 []


Overfull \hbox (336.25pt too wide) detected at line 5317
[]
 []


Underfull \vbox (badness 10000) detected at line 5317
 []


Overfull \hbox (336.25pt too wide) detected at line 5317
[]
 []

Chapter 12.

Underfull \hbox (badness 10000) detected at line 5338
 [][]
 []


Underfull \hbox (badness 10000) detected at line 5338
[][][]
 []


Underfull \hbox (badness 10000) detected at line 5340
 [][]
 []


Underfull \hbox (badness 10000) detected at line 5340
[][][]
 []


Underfull \hbox (badness 10000) detected at line 5342
 [][]
 []


Underfull \hbox (badness 10000) detected at line 5342
[][][]
 []




Underfull \hbox (badness 10000) has occurred while \output is active
 [][][][] 
 []

[251

]
Underfull \hbox (badness 10000) detected at line 5361
 [][]
 []


Underfull \hbox (badness 10000) detected at line 5361
[][][]
 []


Underfull \hbox (badness 10000) detected at line 5363
 [][]
 []


Underfull \hbox (badness 10000) detected at line 5363
[][][]
 []


Underfull \hbox (badness 10000) detected at line 5365
 [][]
 []


Underfull \hbox (badness 10000) detected at line 5365
[][][]
 []


Underfull \hbox (badness 10000) detected at line 5367
 [][]
 []


Underfull \hbox (badness 10000) detected at line 5367
[][][]
 []


Underfull \hbox (badness 10000) detected at line 5369
 [][]
 []


Underfull \hbox (badness 10000) detected at line 5369
[][][]
 []



[252]
Underfull \hbox (badness 10000) detected at line 5371
 [][]
 []


Underfull \hbox (badness 10000) detected at line 5371
[][][]
 []


Underfull \hbox (badness 10000) detected at line 5373
 [][]
 []


Underfull \hbox (badness 10000) detected at line 5373
[][][]
 []


Overfull \hbox (665.30006pt too wide) in paragraph at lines 5385--5400
[][] 
 []



[253]
Overfull \hbox (21.99004pt too wide) in paragraph at lines 5409--5426
 [][] 
 []



[254]
Overfull \hbox (363.96008pt too wide) in paragraph at lines 5436--5461
 [][] 
 []


Underfull \hbox (badness 1221) in paragraph at lines 5470--5471
[]\TU/lmr/m/n/10 Purdue Online Writing Lab: []$[][][][][] [] [] [] [][][] [] [][][][][][] [] [][][] [] [][][] [] [][][][][][][][] [] [][][] []
 []



[255]

[256]

[257]

[258]
Underfull \hbox (badness 10000) detected at line 5590
 [][]
 []


Underfull \hbox (badness 10000) detected at line 5590
[][][]
 []



[259]
Underfull \hbox (badness 10000) detected at line 5592
 [][]
 []


Underfull \hbox (badness 10000) detected at line 5592
[][][]
 []


Underfull \hbox (badness 10000) detected at line 5617
 [][]
 []


Underfull \hbox (badness 10000) detected at line 5617
[][][]
 []


Underfull \hbox (badness 10000) detected at line 5619
 [][]
 []


Underfull \hbox (badness 10000) detected at line 5619
[][][]
 []



[260]


Overfull \hbox (40.57887pt too wide) has occurred while \output is active
\TU/lmr/m/it/10 12.2Writing a Research Report in American Psychological Association (APA) Style \TU/lmr/m/n/10 261
 []

[261]

[262]


Overfull \hbox (40.57887pt too wide) has occurred while \output is active
\TU/lmr/m/it/10 12.2Writing a Research Report in American Psychological Association (APA) Style \TU/lmr/m/n/10 263
 []

[263]

[264]


Overfull \hbox (40.57887pt too wide) has occurred while \output is active
\TU/lmr/m/it/10 12.2Writing a Research Report in American Psychological Association (APA) Style \TU/lmr/m/n/10 265
 []

[265]
File: images/ch11/method.png Graphic file (type bmp)
<images/ch11/method.png>


[266]
Missing character: There is no α (U+03B1) in font [lmroman10-regular]:mapping=tex-text;!

Underfull \hbox (badness 10000) detected at line 5783
 [][]
 []


Underfull \hbox (badness 10000) detected at line 5783
[][][]
 []


Underfull \hbox (badness 10000) detected at line 5785
 [][]
 []


Underfull \hbox (badness 10000) detected at line 5785
[][][]
 []




Overfull \hbox (40.57887pt too wide) has occurred while \output is active
\TU/lmr/m/it/10 12.2Writing a Research Report in American Psychological Association (APA) Style \TU/lmr/m/n/10 267
 []

[267]
Underfull \hbox (badness 10000) detected at line 5787
 [][]
 []


Underfull \hbox (badness 10000) detected at line 5787
[][][]
 []


Underfull \hbox (badness 10000) detected at line 5789
 [][]
 []


Underfull \hbox (badness 10000) detected at line 5789
[][][]
 []


Underfull \hbox (badness 10000) detected at line 5791
 [][]
 []


Underfull \hbox (badness 10000) detected at line 5791
[][][]
 []



[268]


Overfull \hbox (40.57887pt too wide) has occurred while \output is active
\TU/lmr/m/it/10 12.2Writing a Research Report in American Psychological Association (APA) Style \TU/lmr/m/n/10 269
 []

[269]

[270]
File: images/ch11/sample1.png Graphic file (type bmp)
<images/ch11/sample1.png>
File: images/ch11/sample2.png Graphic file (type bmp)
<images/ch11/sample2.png>
File: images/ch11/sample3.png Graphic file (type bmp)
<images/ch11/sample3.png>
File: images/ch11/sample4.png Graphic file (type bmp)
<images/ch11/sample4.png>



Overfull \hbox (40.57887pt too wide) has occurred while \output is active
\TU/lmr/m/it/10 12.2Writing a Research Report in American Psychological Association (APA) Style \TU/lmr/m/n/10 271
 []

[271]

[272]


Overfull \hbox (40.57887pt too wide) has occurred while \output is active
\TU/lmr/m/it/10 12.2Writing a Research Report in American Psychological Association (APA) Style \TU/lmr/m/n/10 273
 []

[273]

[274]
Underfull \hbox (badness 10000) detected at line 5925
 [][]
 []


Underfull \hbox (badness 10000) detected at line 5925
[][][]
 []


Underfull \hbox (badness 10000) detected at line 5927
 [][]
 []


Underfull \hbox (badness 10000) detected at line 5927
[][][]
 []


Underfull \hbox (badness 10000) detected at line 5929
 [][]
 []


Underfull \hbox (badness 10000) detected at line 5929
[][][]
 []


Underfull \hbox (badness 10000) detected at line 5941
 [][]
 []


Underfull \hbox (badness 10000) detected at line 5941
[][][]
 []


Underfull \hbox (badness 10000) detected at line 5943
 [][]
 []


Underfull \hbox (badness 10000) detected at line 5943
[][][]
 []


Underfull \hbox (badness 10000) detected at line 5945
 [][]
 []


Underfull \hbox (badness 10000) detected at line 5945
[][][]
 []


Underfull \hbox (badness 10000) detected at line 5947
 [][]
 []


Underfull \hbox (badness 10000) detected at line 5947
[][][]
 []



[275]

[276]

[277]
File: images/ch11/poster.jpeg Graphic file (type bmp)
<images/ch11/poster.jpeg>


[278]
File: images/ch11/posterorg.png Graphic file (type bmp)
<images/ch11/posterorg.png>


[279]

[280]
Underfull \hbox (badness 10000) detected at line 6061
 [][]
 []


Underfull \hbox (badness 10000) detected at line 6061
[][][]
 []



[281]

[282]

[283]
Underfull \vbox (badness 10000) detected at line 6196
 []


Overfull \hbox (336.25pt too wide) detected at line 6196
[]
 []


Underfull \vbox (badness 10000) detected at line 6196
 []


Overfull \hbox (336.25pt too wide) detected at line 6196
[]
 []


Underfull \vbox (badness 10000) detected at line 6196
 []


Overfull \hbox (336.25pt too wide) detected at line 6196
[]
 []


Underfull \vbox (badness 10000) detected at line 6196
 []


Overfull \hbox (336.25pt too wide) detected at line 6196
[]
 []



[284]

[285]


Underfull \vbox (badness 10000) has occurred while \output is active []


Overfull \hbox (336.25pt too wide) has occurred while \output is active
[]
 []


Underfull \vbox (badness 10000) has occurred while \output is active []


Overfull \hbox (336.25pt too wide) has occurred while \output is active
[]
 []


Underfull \vbox (badness 10000) has occurred while \output is active []


Overfull \hbox (336.25pt too wide) has occurred while \output is active
[]
 []


Underfull \vbox (badness 10000) has occurred while \output is active []


Overfull \hbox (336.25pt too wide) has occurred while \output is active
[]
 []


Underfull \hbox (badness 10000) has occurred while \output is active
 [][][][] 
 []

[286

]


Underfull \vbox (badness 10000) has occurred while \output is active []


Overfull \hbox (336.25pt too wide) has occurred while \output is active
[]
 []


Underfull \vbox (badness 10000) has occurred while \output is active []


Overfull \hbox (336.25pt too wide) has occurred while \output is active
[]
 []


Underfull \vbox (badness 10000) has occurred while \output is active []


Overfull \hbox (336.25pt too wide) has occurred while \output is active
[]
 []


Underfull \vbox (badness 10000) has occurred while \output is active []


Overfull \hbox (336.25pt too wide) has occurred while \output is active
[]
 []


Underfull \hbox (badness 10000) has occurred while \output is active
 [][][][] 
 []

[287]


Underfull \vbox (badness 10000) has occurred while \output is active []


Overfull \hbox (336.25pt too wide) has occurred while \output is active
[]
 []


Underfull \vbox (badness 10000) has occurred while \output is active []


Overfull \hbox (336.25pt too wide) has occurred while \output is active
[]
 []


Underfull \vbox (badness 10000) has occurred while \output is active []


Overfull \hbox (336.25pt too wide) has occurred while \output is active
[]
 []


Underfull \vbox (badness 10000) has occurred while \output is active []


Overfull \hbox (336.25pt too wide) has occurred while \output is active
[]
 []


Underfull \hbox (badness 10000) has occurred while \output is active
 [][][][] 
 []

[288]
Underfull \vbox (badness 10000) detected at line 6199
 []


Overfull \hbox (336.25pt too wide) detected at line 6199
[]
 []


Underfull \vbox (badness 10000) detected at line 6199
 []


Overfull \hbox (336.25pt too wide) detected at line 6199
[]
 []


Underfull \vbox (badness 10000) detected at line 6199
 []


Overfull \hbox (336.25pt too wide) detected at line 6199
[]
 []


Underfull \vbox (badness 10000) detected at line 6199
 []


Overfull \hbox (336.25pt too wide) detected at line 6199
[]
 []

Chapter 13.

Underfull \hbox (badness 10000) detected at line 6212
 [][]
 []


Underfull \hbox (badness 10000) detected at line 6212
[][][]
 []


Underfull \hbox (badness 10000) detected at line 6214
 [][]
 []


Underfull \hbox (badness 10000) detected at line 6214
[][][]
 []


Underfull \hbox (badness 10000) detected at line 6216
 [][]
 []


Underfull \hbox (badness 10000) detected at line 6216
[][][]
 []


Underfull \hbox (badness 10000) detected at line 6218
 [][]
 []


Underfull \hbox (badness 10000) detected at line 6218
[][][]
 []




Underfull \hbox (badness 10000) has occurred while \output is active
 [][][][] 
 []

[289


]

[290]
File: 13-descriptives_files/figure-latex/hist-1.pdf Graphic file (type pdf)
<use 13-descriptives_files/figure-latex/hist-1.pdf>


[291]
File: 13-descriptives_files/figure-latex/bimodal-1.pdf Graphic file (type pdf)
<use 13-descriptives_files/figure-latex/bimodal-1.pdf>
File: 13-descriptives_files/figure-latex/skew-1.pdf Graphic file (type pdf)
<use 13-descriptives_files/figure-latex/skew-1.pdf>
File: 13-descriptives_files/figure-latex/skew-2.pdf Graphic file (type pdf)
<use 13-descriptives_files/figure-latex/skew-2.pdf>
File: 13-descriptives_files/figure-latex/skew-3.pdf Graphic file (type pdf)
<use 13-descriptives_files/figure-latex/skew-3.pdf>


[292]

[293]

[294]
File: 13-descriptives_files/figure-latex/variability-1.pdf Graphic file (type pdf)
<use 13-descriptives_files/figure-latex/variability-1.pdf>
File: 13-descriptives_files/figure-latex/variability-2.pdf Graphic file (type pdf)
<use 13-descriptives_files/figure-latex/variability-2.pdf>


[295]

[296]

[297]

[298]
Underfull \hbox (badness 10000) detected at line 6486
 [][]
 []


Underfull \hbox (badness 10000) detected at line 6486
[][][]
 []


Underfull \hbox (badness 10000) detected at line 6489
 [][]
 []


Underfull \hbox (badness 10000) detected at line 6489
[][][]
 []


Underfull \hbox (badness 10000) detected at line 6491
 [][]
 []


Underfull \hbox (badness 10000) detected at line 6491
[][][]
 []


Underfull \hbox (badness 10000) detected at line 6503
 [][]
 []


Underfull \hbox (badness 10000) detected at line 6503
[][][]
 []



[299]
Underfull \hbox (badness 10000) detected at line 6505
 [][]
 []


Underfull \hbox (badness 10000) detected at line 6505
[][][]
 []

File: 13-descriptives_files/figure-latex/phobia-1.pdf Graphic file (type pdf)
<use 13-descriptives_files/figure-latex/phobia-1.pdf>


[300]

[301]

[302]
File: images/ch12/leader.jpeg Graphic file (type bmp)
<images/ch12/leader.jpeg>


[303]
File: 13-descriptives_files/figure-latex/line-1.pdf Graphic file (type pdf)
<use 13-descriptives_files/figure-latex/line-1.pdf>
File: 13-descriptives_files/figure-latex/scatter2-1.pdf Graphic file (type pdf)
<use 13-descriptives_files/figure-latex/scatter2-1.pdf>


[304]
File: 13-descriptives_files/figure-latex/nonlinear2-1.pdf Graphic file (type pdf)
<use 13-descriptives_files/figure-latex/nonlinear2-1.pdf>


[305]
File: images/ch12/pearson.png Graphic file (type bmp)
<images/ch12/pearson.png>


[306]
File: 13-descriptives_files/figure-latex/range-1.pdf Graphic file (type pdf)
<use 13-descriptives_files/figure-latex/range-1.pdf>


[307]
Underfull \hbox (badness 10000) detected at line 6693
 [][]
 []


Underfull \hbox (badness 10000) detected at line 6693
[][][]
 []

[308]
Underfull \hbox (badness 10000) detected at line 6720
 [][]
 []


Underfull \hbox (badness 10000) detected at line 6720
[][][]
 []


Underfull \hbox (badness 10000) detected at line 6756
 [][]
 []


Underfull \hbox (badness 10000) detected at line 6756
[][][]
 []


Underfull \hbox (badness 10000) detected at line 6758
 [][]
 []


Underfull \hbox (badness 10000) detected at line 6758
[][][]
 []


Underfull \hbox (badness 1552) in paragraph at lines 6758--6760
[]\TU/lmr/m/n/10 Interpret and create simple APA-style graphs—including bar
 []


Underfull \hbox (badness 10000) detected at line 6760
 [][]
 []


Underfull \hbox (badness 10000) detected at line 6760
[][][]
 []



[309]

[310]

[311]
File: images/ch12/apabar.png Graphic file (type bmp)
<images/ch12/apabar.png>
File: images/ch12/apaline.png Graphic file (type bmp)
<images/ch12/apaline.png>


[312]
File: images/ch12/apascatter.png Graphic file (type bmp)
<images/ch12/apascatter.png>


[313]
File: images/ch12/apajitter.png Graphic file (type bmp)
<images/ch12/apajitter.png>


[314]
File: images/ch12/apatable.png Graphic file (type bmp)
<images/ch12/apatable.png>


[315]
File: images/ch12/apamatrix.png Graphic file (type bmp)
<images/ch12/apamatrix.png>


[316]
Underfull \hbox (badness 10000) detected at line 6950
 [][]
 []


Underfull \hbox (badness 10000) detected at line 6950
[][][]
 []


Underfull \hbox (badness 10000) detected at line 6962
 [][]
 []


Underfull \hbox (badness 10000) detected at line 6962
[][][]
 []



[317]

[318]
Missing character: There is no α (U+03B1) in font [lmroman10-regular]:mapping=tex-text;!
Missing character: There is no κ (U+03BA) in font [lmroman10-regular]:mapping=tex-text;!


[319]

[320]
Underfull \hbox (badness 10000) detected at line 7041
 [][]
 []


Underfull \hbox (badness 10000) detected at line 7041
[][][]
 []



[321]

[322]

[323]

[324]

[325]


Underfull \vbox (badness 10000) has occurred while \output is active []


Overfull \hbox (336.25pt too wide) has occurred while \output is active
[]
 []


Underfull \vbox (badness 10000) has occurred while \output is active []


Overfull \hbox (336.25pt too wide) has occurred while \output is active
[]
 []


Underfull \vbox (badness 10000) has occurred while \output is active []


Overfull \hbox (336.25pt too wide) has occurred while \output is active
[]
 []


Underfull \vbox (badness 10000) has occurred while \output is active []


Overfull \hbox (336.25pt too wide) has occurred while \output is active
[]
 []


Underfull \hbox (badness 10000) has occurred while \output is active
 [][][][] 
 []

[326

]
Underfull \vbox (badness 10000) detected at line 7191
 []


Overfull \hbox (336.25pt too wide) detected at line 7191
[]
 []


Underfull \vbox (badness 10000) detected at line 7191
 []


Overfull \hbox (336.25pt too wide) detected at line 7191
[]
 []


Underfull \vbox (badness 10000) detected at line 7191
 []


Overfull \hbox (336.25pt too wide) detected at line 7191
[]
 []


Underfull \vbox (badness 10000) detected at line 7191
 []


Overfull \hbox (336.25pt too wide) detected at line 7191
[]
 []

Chapter 14.

Underfull \hbox (badness 10000) detected at line 7206
 [][]
 []


Underfull \hbox (badness 10000) detected at line 7206
[][][]
 []


Underfull \hbox (badness 10000) detected at line 7208
 [][]
 []


Underfull \hbox (badness 10000) detected at line 7208
[][][]
 []


Underfull \hbox (badness 10000) detected at line 7210
 [][]
 []


Underfull \hbox (badness 10000) detected at line 7210
[][][]
 []




Underfull \hbox (badness 10000) has occurred while \output is active
 [][][][] 
 []

[327

]
Underfull \hbox (badness 10000) detected at line 7228
 [][]
 []


Underfull \hbox (badness 10000) detected at line 7228
[][][]
 []



[328]
Underfull \hbox (badness 10000) detected at line 7230
 [][]
 []


Underfull \hbox (badness 10000) detected at line 7230
[][][]
 []


Underfull \hbox (badness 10000) detected at line 7246
 [][]
 []


Underfull \hbox (badness 10000) detected at line 7246
[][][]
 []


Underfull \hbox (badness 10000) detected at line 7248
 [][]
 []


Underfull \hbox (badness 10000) detected at line 7248
[][][]
 []


Underfull \hbox (badness 10000) detected at line 7250
 [][]
 []


Underfull \hbox (badness 10000) detected at line 7250
[][][]
 []



[329]
Missing character: There is no α (U+03B1) in font [lmroman10-regular]:mapping=tex-text;!


[330]

[331]
Underfull \hbox (badness 10000) detected at line 7327
 [][]
 []


Underfull \hbox (badness 10000) detected at line 7327
[][][]
 []



[332]
Underfull \hbox (badness 10000) detected at line 7329
 [][]
 []


Underfull \hbox (badness 10000) detected at line 7329
[][][]
 []


Underfull \hbox (badness 10000) detected at line 7331
 [][]
 []


Underfull \hbox (badness 10000) detected at line 7331
[][][]
 []


Underfull \hbox (badness 10000) detected at line 7333
 [][]
 []


Underfull \hbox (badness 10000) detected at line 7333
[][][]
 []


Underfull \hbox (badness 10000) detected at line 7343
 [][]
 []


Underfull \hbox (badness 10000) detected at line 7343
[][][]
 []


Underfull \hbox (badness 10000) detected at line 7345
 [][]
 []


Underfull \hbox (badness 10000) detected at line 7345
[][][]
 []


Underfull \hbox (badness 10000) detected at line 7372
 [][]
 []


Underfull \hbox (badness 10000) detected at line 7372
[][][]
 []


Underfull \hbox (badness 5302) in paragraph at lines 7372--7374
[]\TU/lmr/m/n/10 Conduct and interpret one-sample, dependent-samples, and
 []



[333]
Underfull \hbox (badness 10000) detected at line 7374
 [][]
 []


Underfull \hbox (badness 10000) detected at line 7374
[][][]
 []


Underfull \hbox (badness 10000) detected at line 7376
 [][]
 []


Underfull \hbox (badness 10000) detected at line 7376
[][][]
 []

Missing character: There is no μ (U+03BC) in font [lmroman10-regular]:mapping=tex-text;!
Missing character: There is no μ (U+03BC) in font [lmroman10-regular]:mapping=tex-text;!
Missing character: There is no μ (U+03BC) in font [lmroman10-regular]:mapping=tex-text;!
Missing character: There is no μ (U+03BC) in font [lmroman10-regular]:mapping=tex-text;!
Missing character: There is no ≠ (U+2260) in font [lmroman10-regular]:mapping=tex-text;!
Missing character: There is no μ (U+03BC) in font [lmroman10-regular]:mapping=tex-text;!


[334]
File: 14-inferentials_files/figure-latex/tdist-1.pdf Graphic file (type pdf)
<use 14-inferentials_files/figure-latex/tdist-1.pdf>
Missing character: There is no α (U+03B1) in font [lmroman10-regular]:mapping=tex-text;!
Missing character: There is no α (U+03B1) in font [lmroman10-regular]:mapping=tex-text;!
Missing character: There is no α (U+03B1) in font [lmroman10-regular]:mapping=tex-text;!


[335]
Missing character: There is no α (U+03B1) in font [lmroman10-regular]:mapping=tex-text;!
[336]
Missing character: There is no α (U+03B1) in font [lmroman10-regular]:mapping=tex-text;!
Missing character: There is no μ (U+03BC) in font [lmroman10-regular]:mapping=tex-text;!


[337]

[338]
Missing character: There is no ≠ (U+2260) in font [lmroman10-regular]:mapping=tex-text;!


[339]
Missing character: There is no ≠ (U+2260) in font [lmroman10-regular]:mapping=tex-text;!


[340]

[341]
File: 14-inferentials_files/figure-latex/fdist-1.pdf Graphic file (type pdf)
<use 14-inferentials_files/figure-latex/fdist-1.pdf>
Missing character: There is no α (U+03B1) in font [lmroman10-regular]:mapping=tex-text;!
Missing character: There is no α (U+03B1) in font [lmroman10-regular]:mapping=tex-text;!
Missing character: There is no α (U+03B1) in font [lmroman10-regular]:mapping=tex-text;!
Missing character: There is no α (U+03B1) in font [lmroman10-regular]:mapping=tex-text;!


[342]

[343]
Overfull \hbox (2.4324pt too wide) in paragraph at lines 7676--7676
[]|\TU/lmr/m/n/10 11,943.75|  
 []


Overfull \hbox (2.4324pt too wide) in paragraph at lines 7676--7676
[]|\TU/lmr/m/n/10 5,971.875|  
 []


Overfull \hbox (2.4324pt too wide) in paragraph at lines 7677--7677
[]|\TU/lmr/m/n/10 12,646.88|  
 []


Overfull \hbox (2.4324pt too wide) in paragraph at lines 7678--7678
[]|\TU/lmr/m/n/10 24,590.63|  
 []



[344]

[345]
Missing character: There is no ρ (U+03C1) in font [lmroman10-regular]:mapping=tex-text;!
Missing character: There is no ρ (U+03C1) in font [lmroman10-regular]:mapping=tex-text;!
Missing character: There is no ρ (U+03C1) in font [lmroman10-regular]:mapping=tex-text;!
Missing character: There is no ≠ (U+2260) in font [lmroman10-regular]:mapping=tex-text;!
Missing character: There is no α (U+03B1) in font [lmroman10-regular]:mapping=tex-text;!
Missing character: There is no α (U+03B1) in font [lmroman10-regular]:mapping=tex-text;!


[346]

[347]
Underfull \hbox (badness 10000) detected at line 7767
 [][]
 []


Underfull \hbox (badness 10000) detected at line 7767
[][][]
 []


Underfull \hbox (badness 10000) detected at line 7769
 [][]
 []


Underfull \hbox (badness 10000) detected at line 7769
[][][]
 []


Underfull \hbox (badness 10000) detected at line 7771
 [][]
 []


Underfull \hbox (badness 10000) detected at line 7771
[][][]
 []


Underfull \hbox (badness 10000) detected at line 7783
 [][]
 []


Underfull \hbox (badness 10000) detected at line 7783
[][][]
 []



[348]
Underfull \hbox (badness 10000) detected at line 7785
 [][]
 []


Underfull \hbox (badness 10000) detected at line 7785
[][][]
 []


Underfull \hbox (badness 10000) detected at line 7787
 [][]
 []


Underfull \hbox (badness 10000) detected at line 7787
[][][]
 []

Missing character: There is no ₀ (U+2080) in font [lmroman10-bold]:mapping=tex-text;!
Missing character: There is no ₀ (U+2080) in font [lmroman10-bold]:mapping=tex-text;!
Missing character: There is no ₀ (U+2080) in font [lmroman10-bold]:mapping=tex-text;!
Missing character: There is no ₀ (U+2080) in font [lmroman10-bold]:mapping=tex-text;!
Missing character: There is no ₀ (U+2080) in font [lmroman10-bold]:mapping=tex-text;!
Missing character: There is no ✅ (U+2705) in font [lmroman10-regular]:mapping=tex-text;!
Missing character: There is no ❌ (U+274C) in font [lmroman10-regular]:mapping=tex-text;!
Missing character: There is no ₀ (U+2080) in font [lmroman10-bold]:mapping=tex-text;!
Missing character: There is no ❌ (U+274C) in font [lmroman10-regular]:mapping=tex-text;!
Missing character: There is no ✅ (U+2705) in font [lmroman10-regular]:mapping=tex-text;!
Missing character: There is no α (U+03B1) in font [lmroman10-regular]:mapping=tex-text;!
Missing character: There is no α (U+03B1) in font [lmroman10-regular]:mapping=tex-text;!


[349]
Missing character: There is no α (U+03B1) in font [lmroman10-regular]:mapping=tex-text;!
Missing character: There is no α (U+03B1) in font [lmroman10-regular]:mapping=tex-text;!
Missing character: There is no α (U+03B1) in font [lmroman10-regular]:mapping=tex-text;!
Missing character: There is no α (U+03B1) in font [lmroman10-regular]:mapping=tex-text;!
Missing character: There is no ρ (U+03C1) in font [lmroman10-regular]:mapping=tex-text;!


[350]
Missing character: There is no α (U+03B1) in font [lmroman10-regular]:mapping=tex-text;!


[351]
Missing character: There is no α (U+03B1) in font [lmroman10-regular]:mapping=tex-text;!


[352]

[353]

[354]
Underfull \hbox (badness 10000) detected at line 7916
 [][]
 []


Underfull \hbox (badness 10000) detected at line 7916
[][][]
 []


Underfull \hbox (badness 10000) detected at line 7927
 [][]
 []


Underfull \hbox (badness 10000) detected at line 7927
[][][]
 []

Missing character: There is no α (U+03B1) in font [lmroman10-italic]:mapping=tex-text;!


[355]

[356]

[357]

[358]

[359]

[360]

[361]

[362]

[363]

[364]

[365]

[366]

[367]

[368] (./psych-methods.aux)
 ***********
LaTeX2e <2024-06-01> patch level 2
L3 programming layer <2024-05-27>
 ***********

LaTeX Warning: There were undefined references.


LaTeX Warning: There were multiply-defined labels.

 ) 
Here is how much of TeX's memory you used:
 19435 strings out of 476239
 387490 string characters out of 5785633
 1940557 words of memory out of 5000000
 41680 multiletter control sequences out of 15000+600000
 561678 words of font info for 77 fonts, out of 8000000 for 9000
 14 hyphenation exceptions out of 8191
 90i,11n,123p,2960b,536s stack positions out of 10000i,1000n,20000p,200000b,200000s

Output written on psych-methods.pdf (368 pages).
